created_at,Long,Lat,temperature,humidity,pressure,co_ppm,co2_ppm,timestamp,Fire,SensorID,RSSI,SNR,Predicted_Fire_Risk
2026-05-22T20:35:17.708425+00:00,-119.84128,34.41374,22.64,51.99,1011.89,0,773,13:35:17,0.0142526609365942,1,-55,11,0.35628401323279313
2026-05-22T20:36:28.864194+00:00,-119.84128,34.41374,22.65,51.6,1011.87,0,813,13:36:28,0.0142526609365942,1,-44,10,0.3532599784140025
2026-05-22T20:36:51.435333+00:00,-119.84128,34.41374,22.55,52.84,1011.26,0,731,13:36:51,0.0142526609365942,2,-42,10,0.35628401323279313
2026-05-22T20:37:18.85036+00:00,-119.84128,34.41374,22.7,52.34,1011.85,0,718,13:37:18,0.0142526609365942,1,-42,9,0.35628401323279313
2026-05-22T20:38:31.497083+00:00,-119.84128,34.41374,22.76,52.21,1011.27,0,682,13:38:31,0.0142526609365942,2,-44,9,0.3127966900956487
2026-05-22T20:39:21.489124+00:00,-119.84128,34.41374,22.85,51.92,1011.23,0,686,13:39:21,0.0142526609365942,2,-38,9,0.3127966900956487
2026-05-22T20:40:09.353954+00:00,-119.84128,34.41374,23.05,52.02,1011.81,0,768,13:40:09,0.0142526609365942,1,-33,9,0.35628401323279313
2026-05-22T20:40:56.29346+00:00,-119.84128,34.41374,22.97,51.63,1011.18,0,664,13:40:56,0.0142526609365942,2,-38,10,0.316700617271196
2026-05-22T20:41:38.971613+00:00,-119.84128,34.41374,23.0,51.46,1011.22,0,661,13:41:38,0.0142526609365942,2,-40,10,0.316700617271196
2026-05-22T20:41:46.278231+00:00,-119.84128,34.41374,22.99,51.45,1011.27,0,660,13:41:46,0.0142526609365942,2,-41,10,0.316700617271196
2026-05-22T20:41:53.771929+00:00,-119.84128,34.41374,23.0,51.41,1011.25,0,659,13:41:53,0.0142526609365942,2,-39,10,0.316700617271196
2026-05-22T20:42:45.638612+00:00,-119.84128,34.41374,23.69,48.54,1011.44,0,768,13:42:45,0.0142526609365942,1,-43,9,0.3606053861640415
2026-05-22T20:43:24.996798+00:00,-119.84128,34.41374,24.46,47.39,1011.9,0,768,13:43:24,0.0142526609365942,1,-45,10,0.36132345945689237
2026-05-22T20:43:36.689337+00:00,-119.84128,34.41374,23.0,51.29,1011.25,0,649,13:43:36,0.0142526609365942,2,-44,11,0.3249561781902546
2026-05-22T20:44:07.693522+00:00,-119.84128,34.41374,24.48,46.24,1011.44,0,768,13:44:07,0.0142526609365942,1,-44,9,0.386193272728981
2026-05-22T20:44:14.763729+00:00,-119.84128,34.41374,24.86,45.89,1011.91,0,768,13:44:14,0.0142526609365942,1,-43,9,0.3825665823495743
2026-05-22T20:45:23.909279+00:00,-119.84128,34.41374,22.98,51.25,1011.24,0,646,13:45:23,0.0142526609365942,2,-39,9,0.3418984521410405
2026-05-22T20:46:13.740612+00:00,-119.84128,34.41374,22.96,51.25,1011.38,0,639,13:46:13,0.0142526609365942,2,-43,10,0.34171088461422977
2026-05-22T20:46:23.765908+00:00,-119.84128,34.41374,22.95,51.23,1011.34,0,638,13:46:23,0.0142526609365942,2,-41,9,0.3153746448034402
2026-05-22T20:47:02.01319+00:00,-119.84128,34.41374,22.94,51.26,1011.31,0,637,13:47:01,0.0142526609365942,2,-45,10,0.3153746448034402
2026-05-22T20:47:14.225884+00:00,-119.84128,34.41374,22.93,51.25,1011.27,0,637,13:47:14,0.0142526609365942,2,-46,9,0.3153746448034402
2026-05-22T20:47:32.402408+00:00,-119.84128,34.41374,25.94,43.08,1011.93,0,768,13:47:32,0.0142526609365942,1,-39,9,0.4092405084616448
2026-05-22T20:48:32.177455+00:00,-119.84128,34.41374,25.53,44.06,1011.31,0,768,13:48:32,0.0142526609365942,1,-27,10,0.4000999534699336
2026-05-22T20:50:44.593207+00:00,-119.84128,34.41374,26.88,41.0,1011.33,0,508,13:50:44,0.0142526609365942,2,-54,10,0.1650677504571105
2026-05-22T20:52:36.669645+00:00,-119.84128,34.41374,23.33,49.99,1011.83,0,768,13:52:36,0.0142526609365942,1,-36,9,0.35628401323279313
2026-05-22T21:02:58.125422+00:00,-119.84128,34.41374,34.62,25.05,1012.76,0,407,14:02:57,0.0142526609365942,2,-45,8,0.19204559997503823
2026-05-22T20:03:58.951639+00:00,-119.84128,34.41374,22.24,52.24,1011.44,0,544,13:03:49,0.0142526609365942,2,-22,10,0.12964549442632134
2026-05-22T20:04:03.735982+00:00,-119.84128,34.41374,22.23,52.04,1011.45,0,531,13:03:54,0.0142526609365942,2,-21,6,0.16885621766884706
2026-05-22T20:04:16.262104+00:00,-119.84128,34.41374,22.23,52.2,1011.49,0,512,13:04:07,0.0142526609365942,2,-21,9,0.15183455571875776
2026-05-22T20:04:23.749139+00:00,-119.84128,34.41374,22.25,52.34,1011.47,0,514,13:04:14,0.0142526609365942,2,-21,10,0.15183455571875776
2026-05-22T20:04:33.73554+00:00,-119.84128,34.41374,22.24,52.09,1011.41,0,515,13:04:24,0.0142526609365942,2,-21,10,0.1545100337229689
2026-05-22T20:04:43.742255+00:00,-119.84128,34.41374,22.26,51.98,1011.52,0,509,13:04:34,0.0142526609365942,2,-21,10,0.15183455571875776
2026-05-22T20:04:53.73833+00:00,-119.84128,34.41374,22.25,51.87,1011.43,0,503,13:04:44,0.0142526609365942,2,-21,10,0.18720448227717268
2026-05-22T20:05:11.506359+00:00,-119.84128,34.41374,22.26,52.25,1011.44,0,497,13:05:02,0.0142526609365942,2,-18,9,0.18720448227717268
2026-05-22T20:05:13.741882+00:00,-119.84128,34.41374,22.26,52.13,1011.44,0,499,13:05:04,0.0142526609365942,2,-17,9,0.18720448227717268
2026-05-22T20:05:23.734244+00:00,-119.84128,34.41374,22.27,52.46,1011.4,0,520,13:05:14,0.0142526609365942,2,-19,10,0.1545100337229689
2026-05-22T20:05:33.739156+00:00,-119.84128,34.41374,22.3,52.29,1011.48,0,542,13:05:24,0.0142526609365942,2,-19,10,0.12964549442632134
2026-05-22T20:05:43.734402+00:00,-119.84128,34.41374,22.32,52.23,1011.42,0,564,13:05:34,0.0142526609365942,2,-19,10,0.15723634517976365
2026-05-22T20:05:56.256727+00:00,-119.84128,34.41374,22.29,51.89,1011.35,0,544,13:05:47,0.0142526609365942,2,-19,10,0.12964549442632134
2026-05-22T20:06:03.740946+00:00,-119.84128,34.41374,22.32,51.91,1011.43,0,535,13:05:54,0.0142526609365942,2,-19,10,0.16426515750014914
2026-05-22T20:35:18.404043+00:00,-119.84128,34.41374,22.54,51.98,1011.66,0,773,13:35:18,0.0142526609365942,1,-55,10,0.35628401323279313
2026-05-22T20:36:32.567401+00:00,-119.84128,34.41374,22.51,53.62,1011.28,0,677,13:36:32,0.0142526609365942,2,-32,11,0.3127966900956487
2026-05-22T20:36:52.153523+00:00,-119.84128,34.41374,22.55,52.82,1011.23,0,730,13:36:52,0.0142526609365942,2,-43,9,0.35628401323279313
2026-05-22T20:36:57.219344+00:00,-119.84128,34.41374,22.57,52.79,1011.28,0,725,13:36:57,0.0142526609365942,2,-44,10,0.35628401323279313
2026-05-22T20:38:33.746738+00:00,-119.84128,34.41374,22.78,52.14,1011.25,0,682,13:38:33,0.0142526609365942,2,-43,10,0.3127966900956487
2026-05-22T20:39:23.756908+00:00,-119.84128,34.41374,22.85,51.88,1011.23,0,686,13:39:23,0.0142526609365942,2,-38,9,0.3127966900956487
2026-05-22T20:39:33.752848+00:00,-119.84128,34.41374,22.86,51.86,1011.27,0,686,13:39:33,0.0142526609365942,2,-48,9,0.3127966900956487
2026-05-22T20:40:12.756745+00:00,-119.84128,34.41374,23.06,52.0,1011.93,0,768,13:40:12,0.0142526609365942,1,-45,9,0.35628401323279313
2026-05-22T20:40:46.354075+00:00,-119.84128,34.41374,22.83,50.95,1011.42,0,768,13:40:46,0.0142526609365942,1,-24,10,0.35628401323279313
2026-05-22T20:41:23.756669+00:00,-119.84128,34.41374,22.99,51.49,1011.27,0,662,13:41:23,0.0142526609365942,2,-39,9,0.316700617271196
2026-05-22T20:41:35.716629+00:00,-119.84128,34.41374,22.93,50.65,1011.36,0,768,13:41:35,0.0142526609365942,1,-49,10,0.35628401323279313
2026-05-22T20:42:48.046226+00:00,-119.84128,34.41374,23.0,51.34,1011.26,0,656,13:42:47,0.0142526609365942,2,-42,10,0.316700617271196
2026-05-22T20:42:54.74366+00:00,-119.84128,34.41374,24.12,48.18,1011.89,0,768,13:42:54,0.0142526609365942,1,-41,9,0.354189324502811
2026-05-22T20:43:44.737045+00:00,-119.84128,34.41374,24.63,46.62,1011.93,0,768,13:43:44,0.0142526609365942,1,-42,9,0.38689748694481435
2026-05-22T20:44:03.76833+00:00,-119.84128,34.41374,22.99,51.3,1011.18,0,648,13:44:03,0.0142526609365942,2,-43,10,0.3418984521410405
2026-05-22T20:44:10.385839+00:00,-119.84128,34.41374,24.83,46.13,1011.89,0,768,13:44:10,0.0142526609365942,1,-43,9,0.3770730096625534
2026-05-22T20:48:28.647734+00:00,-119.84128,34.41374,22.89,51.25,1011.18,0,625,13:48:28,0.0142526609365942,2,-38,10,0.40386089564540234
2026-05-22T20:49:03.769813+00:00,-119.84128,34.41374,22.83,51.34,1011.22,0,602,13:49:03,0.0142526609365942,2,-37,10,0.3520930259680782
2026-05-22T20:50:45.310761+00:00,-119.84128,34.41374,26.97,40.91,1011.37,0,508,13:50:45,0.0142526609365942,2,-61,10,0.1650677504571105
2026-05-22T20:54:08.21211+00:00,-119.84128,34.41374,23.46,49.69,1011.96,0,768,13:54:08,0.0142526609365942,1,-51,10,0.35628401323279313
2026-05-22T21:02:58.988213+00:00,-119.84128,34.41374,34.34,25.1,1012.31,0,406,14:02:58,0.0142526609365942,2,-43,10,0.19204559997503823
2026-05-22T21:03:18.331707+00:00,-119.84128,34.41374,34.55,25.58,1012.93,0,405,14:03:18,0.0142526609365942,2,-48,9,0.09412623472141098
2026-05-22T21:04:00.476536+00:00,-119.84128,34.41374,21.44,57.64,1013.21,0,768,14:04:00,0.0142526609365942,1,-55,10,0.28192506820434354
2026-05-22T21:04:36.088319+00:00,-119.84128,34.41374,21.29,58.04,1013.13,0,768,14:04:35,0.0142526609365942,1,-65,10,0.28192506820434354
2026-05-22T20:06:13.733426+00:00,-119.84128,34.41374,22.34,51.69,1011.46,0,526,13:06:04,0.0142526609365942,2,-18,7,0.1601926706255673
2026-05-22T20:06:23.743196+00:00,-119.84128,34.41374,22.33,51.64,1011.45,0,516,13:06:14,0.0142526609365942,2,-19,10,0.1545100337229689
2026-05-22T20:06:33.741117+00:00,-119.84128,34.41374,22.34,51.63,1011.43,0,508,13:06:24,0.0142526609365942,2,-19,10,0.15183455571875776
2026-05-22T20:06:46.26372+00:00,-119.84128,34.41374,22.3,51.66,1011.39,0,499,13:06:37,0.0142526609365942,2,-19,10,0.18720448227717268
2026-05-22T20:06:53.803038+00:00,-119.84128,34.41374,22.32,51.81,1011.43,0,500,13:06:44,0.0142526609365942,2,-19,10,0.18720448227717268
2026-05-22T20:07:03.784274+00:00,-119.84128,34.41374,22.32,51.64,1011.43,0,501,13:06:54,0.0142526609365942,2,-16,10,0.18720448227717268
2026-05-22T20:07:18.971547+00:00,-119.84128,34.41374,22.32,51.6,1011.42,0,504,13:07:09,0.0142526609365942,2,-18,10,0.18720448227717268
2026-05-22T20:07:23.740521+00:00,-119.84128,34.41374,22.31,51.6,1011.44,0,493,13:07:14,0.0142526609365942,2,-18,10,0.18720448227717268
2026-05-22T20:07:36.266734+00:00,-119.84128,34.41374,22.31,51.57,1011.46,0,488,13:07:27,0.0142526609365942,2,-18,10,0.1838495196896563
2026-05-22T20:07:43.738919+00:00,-119.84128,34.41374,22.31,51.64,1011.44,0,487,13:07:34,0.0142526609365942,2,-18,9,0.1838495196896563
2026-05-22T20:07:53.759006+00:00,-119.84128,34.41374,22.3,51.6,1011.4,0,486,13:07:44,0.0142526609365942,2,-18,10,0.1838495196896563
2026-05-22T20:08:08.96774+00:00,-119.84128,34.41374,22.31,51.58,1011.41,0,486,13:07:59,0.0142526609365942,2,-19,10,0.1838495196896563
2026-05-22T20:08:31.919758+00:00,-119.84128,34.41374,22.25,51.67,1011.37,0,487,13:08:22,0.0142526609365942,2,-19,10,0.1838495196896563
2026-05-22T20:08:33.736646+00:00,-119.84128,34.41374,22.3,51.67,1011.5,0,487,13:08:24,0.0142526609365942,2,-19,10,0.1838495196896563
2026-05-22T20:08:43.740863+00:00,-119.84128,34.41374,22.3,51.69,1011.5,0,488,13:08:34,0.0142526609365942,2,-19,10,0.1838495196896563
2026-05-22T20:35:22.895977+00:00,-119.84128,34.41374,22.64,51.9,1011.83,0,759,13:35:22,0.0142526609365942,1,-45,11,0.35628401323279313
2026-05-22T20:08:53.743781+00:00,-119.84128,34.41374,22.29,51.65,1011.44,0,488,13:08:44,0.0142526609365942,2,-19,10,0.1838495196896563
2026-05-22T20:09:03.745718+00:00,-119.84128,34.41374,22.3,51.63,1011.42,0,489,13:08:54,0.0142526609365942,2,-19,10,0.1838495196896563
2026-05-22T20:22:13.735132+00:00,-119.84128,34.41374,22.38,51.64,1011.36,0,517,13:22:04,0.0142526609365942,2,-14,9,0.1545100337229689
2026-05-22T20:22:18.825191+00:00,-119.84128,34.41374,22.81,51.1,1011.95,0,722,13:22:09,0.0142526609365942,1,-18,10,0.35628401323279313
2026-05-22T20:22:20.030514+00:00,-119.84128,34.41374,22.67,51.26,1011.82,0,720,13:22:11,0.0142526609365942,1,-19,10,0.35628401323279313
2026-05-22T20:22:23.731267+00:00,-119.84128,34.41374,22.37,51.74,1011.35,0,515,13:22:14,0.0142526609365942,2,-14,9,0.1545100337229689
2026-05-22T20:22:28.333704+00:00,-119.84128,34.41374,22.79,51.32,1011.91,0,719,13:22:19,0.0142526609365942,1,-18,10,0.35628401323279313
2026-05-22T20:22:36.263765+00:00,-119.84128,34.41374,22.38,51.78,1011.31,0,514,13:22:27,0.0142526609365942,2,-13,10,0.15183455571875776
2026-05-22T20:22:38.317916+00:00,-119.84128,34.41374,22.81,51.62,1012.06,0,719,13:22:29,0.0142526609365942,1,-18,10,0.35628401323279313
2026-05-22T20:22:43.739686+00:00,-119.84128,34.41374,22.4,51.77,1011.39,0,514,13:22:34,0.0142526609365942,2,-13,9,0.15183455571875776
2026-05-22T20:22:48.319099+00:00,-119.84128,34.41374,22.81,51.21,1011.94,0,720,13:22:39,0.0142526609365942,1,-18,9,0.35628401323279313
2026-05-22T20:22:53.741635+00:00,-119.84128,34.41374,22.4,51.67,1011.4,0,514,13:22:44,0.0142526609365942,2,-13,9,0.15183455571875776
2026-05-22T20:23:05.05487+00:00,-119.84128,34.41374,22.8,51.17,1011.93,0,720,13:22:56,0.0142526609365942,1,-17,9,0.35628401323279313
2026-05-22T20:23:08.780268+00:00,-119.84128,34.41374,22.42,51.6,1011.4,0,514,13:22:59,0.0142526609365942,2,-13,10,0.15183455571875776
2026-05-22T20:23:18.499371+00:00,-119.84128,34.41374,22.41,51.6,1011.44,0,513,13:23:09,0.0142526609365942,2,-13,3,0.15183455571875776
2026-05-22T20:23:28.684586+00:00,-119.84128,34.41374,22.42,51.56,1011.48,0,513,13:23:19,0.0142526609365942,2,-13,10,0.15183455571875776
2026-05-22T20:23:33.738983+00:00,-119.84128,34.41374,22.42,51.54,1011.43,0,514,13:23:24,0.0142526609365942,2,-13,10,0.15183455571875776
2026-05-22T20:23:36.637156+00:00,-119.84128,34.41374,22.76,51.26,1012.0,0,719,13:23:27,0.0142526609365942,1,-18,9,0.35628401323279313
2026-05-22T20:23:37.332857+00:00,-119.84128,34.41374,22.75,51.25,1011.95,0,719,13:23:28,0.0142526609365942,1,-17,11,0.35628401323279313
2026-05-22T20:23:38.349142+00:00,-119.84128,34.41374,22.76,51.25,1011.99,0,719,13:23:29,0.0142526609365942,1,-17,9,0.35628401323279313
2026-05-22T20:23:43.73795+00:00,-119.84128,34.41374,22.42,51.5,1011.37,0,514,13:23:34,0.0142526609365942,2,-13,10,0.15183455571875776
2026-05-22T20:23:48.460404+00:00,-119.84128,34.41374,22.74,51.44,1011.99,0,720,13:23:39,0.0142526609365942,1,-17,9,0.35628401323279313
2026-05-22T20:25:33.438031+00:00,-119.84128,34.41374,22.39,51.56,1011.35,0,509,13:25:24,0.0142526609365942,2,-13,7,0.15183455571875776
2026-05-22T20:25:34.119482+00:00,-119.84128,34.41374,22.39,51.65,1011.38,0,509,13:25:25,0.0142526609365942,2,-13,10,0.15183455571875776
2026-05-22T20:25:34.804667+00:00,-119.84128,34.41374,22.35,51.63,1011.28,0,509,13:25:25,0.0142526609365942,2,-13,10,0.15183455571875776
2026-05-22T20:25:38.60523+00:00,-119.84128,34.41374,22.69,51.51,1011.96,0,712,13:25:29,0.0142526609365942,1,-17,9,0.35628401323279313
2026-05-22T20:25:43.738987+00:00,-119.84128,34.41374,22.38,51.55,1011.42,0,510,13:25:34,0.0142526609365942,2,-12,3,0.15183455571875776
2026-05-22T20:25:49.575127+00:00,-119.84128,34.41374,22.68,51.54,1011.97,0,712,13:25:40,0.0142526609365942,1,-17,10,0.35628401323279313
2026-05-22T20:25:50.257535+00:00,-119.84128,34.41374,22.56,51.56,1011.84,0,712,13:25:41,0.0142526609365942,1,-17,10,0.35628401323279313
2026-05-22T20:25:50.944146+00:00,-119.84128,34.41374,22.67,51.6,1011.94,0,712,13:25:42,0.0142526609365942,1,-17,10,0.35628401323279313
2026-05-22T20:25:51.66139+00:00,-119.84128,34.41374,22.67,51.6,1011.94,0,712,13:25:42,0.0142526609365942,1,-17,10,0.35628401323279313
2026-05-22T20:25:58.323179+00:00,-119.84128,34.41374,22.67,51.66,1011.94,0,712,13:25:49,0.0142526609365942,1,-17,9,0.35628401323279313
2026-05-22T20:26:01.475845+00:00,-119.84128,34.41374,22.38,51.49,1011.37,0,509,13:25:52,0.0142526609365942,2,-13,10,0.15183455571875776
2026-05-22T20:26:03.743009+00:00,-119.84128,34.41374,22.38,51.56,1011.36,0,509,13:25:54,0.0142526609365942,2,-13,10,0.15183455571875776
2026-05-22T20:26:13.741141+00:00,-119.84128,34.41374,22.38,51.61,1011.36,0,509,13:26:04,0.0142526609365942,2,-13,10,0.15183455571875776
2026-05-22T20:26:14.574238+00:00,-119.84128,34.41374,22.66,51.68,1011.94,0,713,13:26:05,0.0142526609365942,1,-17,9,0.35628401323279313
2026-05-22T20:26:23.745024+00:00,-119.84128,34.41374,22.37,51.63,1011.37,0,508,13:26:14,0.0142526609365942,2,-13,10,0.15183455571875776
2026-05-22T20:26:33.735943+00:00,-119.84128,34.41374,22.38,51.57,1011.37,0,508,13:26:24,0.0142526609365942,2,-13,10,0.15183455571875776
2026-05-22T20:26:48.795041+00:00,-119.84128,34.41374,22.68,52.1,1011.95,0,718,13:26:39,0.0142526609365942,1,-20,9,0.35628401323279313
2026-05-22T20:26:51.467017+00:00,-119.84128,34.41374,22.36,51.93,1011.39,0,508,13:26:42,0.0142526609365942,2,-13,10,0.15183455571875776
2026-05-22T20:26:53.734813+00:00,-119.84128,34.41374,22.39,52.18,1011.41,0,509,13:26:44,0.0142526609365942,2,-13,5,0.15183455571875776
2026-05-22T20:27:03.741127+00:00,-119.84128,34.41374,22.38,51.93,1011.31,0,518,13:26:54,0.0142526609365942,2,-13,10,0.1545100337229689
2026-05-22T20:27:05.061275+00:00,-119.84128,34.41374,22.57,51.83,1011.73,0,721,13:26:56,0.0142526609365942,1,-16,11,0.35628401323279313
2026-05-22T20:27:08.320993+00:00,-119.84128,34.41374,22.69,51.75,1011.91,0,722,13:26:59,0.0142526609365942,1,-16,10,0.35628401323279313
2026-05-22T20:27:13.734912+00:00,-119.84128,34.41374,22.39,51.81,1011.35,0,522,13:27:04,0.0142526609365942,2,-13,10,0.1545100337229689
2026-05-22T20:35:23.590827+00:00,-119.84128,34.41374,22.53,51.89,1011.67,0,759,13:35:23,0.0142526609365942,1,-43,10,0.35628401323279313
2026-05-22T20:40:17.852524+00:00,-119.84128,34.41374,22.9,51.84,1011.28,0,674,13:40:17,0.0142526609365942,2,-48,9,0.3127966900956487
2026-05-22T20:41:42.764945+00:00,-119.84128,34.41374,23.24,50.69,1011.87,0,768,13:41:42,0.0142526609365942,1,-43,9,0.35628401323279313
2026-05-22T20:43:37.3749+00:00,-119.84128,34.41374,23.01,51.29,1011.29,0,649,13:43:37,0.0142526609365942,2,-41,10,0.3249561781902546
2026-05-22T20:44:29.961535+00:00,-119.84128,34.41374,24.93,45.81,1011.92,0,768,13:44:29,0.0142526609365942,1,-44,10,0.3812349979588944
2026-05-22T20:44:37.774286+00:00,-119.84128,34.41374,25.02,45.76,1011.92,0,768,13:44:37,0.0142526609365942,1,-40,9,0.38000882695528604
2026-05-22T20:44:48.343926+00:00,-119.84128,34.41374,22.98,51.27,1011.35,0,647,13:44:48,0.0142526609365942,2,-43,11,0.3418984521410405
2026-05-22T20:46:05.817029+00:00,-119.84128,34.41374,25.55,44.3,1011.93,0,768,13:46:05,0.0142526609365942,1,-40,9,0.4108288516408006
2026-05-22T20:47:54.097739+00:00,-119.84128,34.41374,22.89,51.37,1011.32,0,634,13:47:54,0.0142526609365942,2,-41,10,0.31548389373572067
2026-05-22T20:48:25.601168+00:00,-119.84128,34.41374,26.05,43.94,1011.92,0,768,13:48:25,0.0142526609365942,1,-37,9,0.4092405084616448
2026-05-22T20:48:33.003737+00:00,-119.84128,34.41374,25.79,43.81,1011.85,0,768,13:48:32,0.0142526609365942,1,-25,10,0.4092405084616448
2026-05-22T20:49:16.271801+00:00,-119.84128,34.41374,23.0,50.85,1011.28,0,598,13:49:16,0.0142526609365942,2,-31,10,0.3520930259680782
2026-05-22T20:50:46.608412+00:00,-119.84128,34.41374,22.7,49.8,1011.45,0,768,13:50:46,0.0142526609365942,1,-41,10,0.35628401323279313
2026-05-22T20:51:14.668235+00:00,-119.84128,34.41374,27.96,38.83,1011.33,0,474,13:51:13,0.0142526609365942,2,-39,10,0.2290933742689162
2026-05-22T20:52:42.827425+00:00,-119.84128,34.41374,23.4,49.83,1011.8,0,768,13:52:42,0.0142526609365942,1,-43,8,0.35628401323279313
2026-05-22T20:54:08.954191+00:00,-119.84128,34.41374,22.9,49.66,1011.06,0,768,13:54:08,0.0142526609365942,1,-52,10,0.35628401323279313
2026-05-22T21:03:00.115592+00:00,-119.84128,34.41374,34.43,25.11,1012.44,0,406,14:02:59,0.0142526609365942,2,-42,10,0.19204559997503823
2026-05-22T21:04:01.212453+00:00,-119.84128,34.41374,21.44,57.64,1013.21,0,768,14:04:01,0.0142526609365942,1,-49,10,0.28192506820434354
2026-05-22T21:04:49.866316+00:00,-119.84128,34.41374,21.23,58.58,1013.19,0,768,14:04:49,0.0142526609365942,1,-61,10,0.28192506820434354
2026-05-22T21:07:22.834442+00:00,-119.84128,34.41374,21.01,58.87,1013.26,0,768,14:07:22,0.0142526609365942,1,-58,10,0.28192506820434354
2026-05-22T20:10:36.334212+00:00,-119.84128,34.41374,22.28,52.29,1011.42,0,506,13:10:26,0.0142526609365942,2,-18,10,0.15183455571875776
2026-05-22T20:10:37.140232+00:00,-119.84128,34.41374,22.28,52.75,1011.44,0,506,13:10:28,0.0142526609365942,2,-19,10,0.15183455571875776
2026-05-22T20:10:37.834713+00:00,-119.84128,34.41374,22.28,52.78,1011.45,0,512,13:10:28,0.0142526609365942,2,-18,10,0.15183455571875776
2026-05-22T20:10:38.539323+00:00,-119.84128,34.41374,22.28,52.78,1011.45,0,512,13:10:29,0.0142526609365942,2,-18,10,0.15183455571875776
2026-05-22T20:10:39.284211+00:00,-119.84128,34.41374,22.23,52.64,1011.39,0,512,13:10:30,0.0142526609365942,2,-18,10,0.15183455571875776
2026-05-22T20:10:42.145668+00:00,-119.84128,34.41374,22.24,52.6,1011.38,0,518,13:10:33,0.0142526609365942,2,-20,10,0.1545100337229689
2026-05-22T20:10:43.73826+00:00,-119.84128,34.41374,22.27,52.24,1011.45,0,525,13:10:34,0.0142526609365942,2,-18,10,0.1601926706255673
2026-05-22T20:10:56.257955+00:00,-119.84128,34.41374,22.29,51.89,1011.43,0,523,13:10:47,0.0142526609365942,2,-19,10,0.1601926706255673
2026-05-22T20:11:03.747724+00:00,-119.84128,34.41374,22.29,51.86,1011.48,0,518,13:10:54,0.0142526609365942,2,-18,9,0.1545100337229689
2026-05-22T20:11:13.735186+00:00,-119.84128,34.41374,22.29,51.84,1011.44,0,516,13:11:04,0.0142526609365942,2,-19,10,0.1545100337229689
2026-05-22T20:11:23.736691+00:00,-119.84128,34.41374,22.3,51.82,1011.44,0,515,13:11:14,0.0142526609365942,2,-18,7,0.1545100337229689
2026-05-22T20:11:33.741264+00:00,-119.84128,34.41374,22.29,51.77,1011.38,0,514,13:11:24,0.0142526609365942,2,-18,7,0.15183455571875776
2026-05-22T20:11:46.265632+00:00,-119.84128,34.41374,22.29,51.81,1011.4,0,510,13:11:37,0.0142526609365942,2,-18,10,0.15183455571875776
2026-05-22T20:11:53.735937+00:00,-119.84128,34.41374,22.29,51.83,1011.44,0,511,13:11:44,0.0142526609365942,2,-19,10,0.15183455571875776
2026-05-22T20:12:03.736035+00:00,-119.84128,34.41374,22.3,51.81,1011.43,0,513,13:11:54,0.0142526609365942,2,-19,10,0.15183455571875776
2026-05-22T20:35:28.348205+00:00,-119.84128,34.41374,22.64,51.91,1011.77,0,751,13:35:28,0.0142526609365942,1,-45,10,0.35628401323279313
2026-05-22T20:35:38.081826+00:00,-119.84128,34.41374,22.3,51.82,1011.23,0,508,13:35:38,0.0142526609365942,2,-40,6,0.15183455571875776
2026-05-22T20:36:33.253781+00:00,-119.84128,34.41374,22.43,53.45,1011.09,0,677,13:36:33,0.0142526609365942,2,-35,10,0.3127966900956487
2026-05-22T20:36:52.841793+00:00,-119.84128,34.41374,22.53,52.83,1011.23,0,730,13:36:52,0.0142526609365942,2,-41,10,0.35628401323279313
2026-05-22T20:37:05.369388+00:00,-119.84128,34.41374,22.67,52.27,1011.82,0,730,13:37:05,0.0142526609365942,1,-41,3,0.35628401323279313
2026-05-22T20:37:28.352551+00:00,-119.84128,34.41374,22.73,52.19,1011.83,0,717,13:37:28,0.0142526609365942,1,-43,9,0.35628401323279313
2026-05-22T20:39:04.162005+00:00,-119.84128,34.41374,22.83,52.01,1011.19,0,684,13:39:04,0.0142526609365942,2,-43,9,0.3127966900956487
2026-05-22T20:12:18.953598+00:00,-119.84128,34.41374,22.29,51.78,1011.41,0,513,13:12:09,0.0142526609365942,2,-16,10,0.15183455571875776
2026-05-22T20:12:23.742663+00:00,-119.84128,34.41374,22.3,51.75,1011.45,0,512,13:12:14,0.0142526609365942,2,-16,9,0.15183455571875776
2026-05-22T20:12:41.473272+00:00,-119.84128,34.41374,22.26,52.12,1011.39,0,512,13:12:32,0.0142526609365942,2,-14,9,0.15183455571875776
2026-05-22T20:12:46.844682+00:00,-119.84128,34.41374,22.31,51.8,1011.42,0,512,13:12:37,0.0142526609365942,2,-14,9,0.15183455571875776
2026-05-22T20:12:58.954212+00:00,-119.84128,34.41374,22.3,51.7,1011.48,0,511,13:12:49,0.0142526609365942,2,-13,10,0.15183455571875776
2026-05-22T20:13:03.739402+00:00,-119.84128,34.41374,22.31,51.71,1011.39,0,509,13:12:54,0.0142526609365942,2,-13,10,0.15183455571875776
2026-05-22T20:13:13.733954+00:00,-119.84128,34.41374,22.33,51.64,1011.39,0,505,13:13:04,0.0142526609365942,2,-17,10,0.15183455571875776
2026-05-22T20:13:26.260544+00:00,-119.84128,34.41374,22.34,51.69,1011.35,0,501,13:13:17,0.0142526609365942,2,-13,10,0.18720448227717268
2026-05-22T20:14:10.235629+00:00,-119.84128,34.41374,22.33,51.64,1011.45,0,510,13:14:01,0.0142526609365942,2,-13,10,0.15183455571875776
2026-05-22T20:14:10.923474+00:00,-119.84128,34.41374,22.28,51.6,1011.39,0,509,13:14:01,0.0142526609365942,2,-13,10,0.15183455571875776
2026-05-22T20:14:21.476259+00:00,-119.84128,34.41374,22.33,51.59,1011.38,0,508,13:14:12,0.0142526609365942,2,-13,10,0.15183455571875776
2026-05-22T20:14:23.740577+00:00,-119.84128,34.41374,22.33,51.59,1011.39,0,507,13:14:14,0.0142526609365942,2,-15,10,0.15183455571875776
2026-05-22T20:14:31.571949+00:00,-119.84128,34.41374,23.68,48.72,1012.04,0,897,13:14:22,0.0142526609365942,1,-16,10,0.3575813513452508
2026-05-22T20:14:32.265125+00:00,-119.84128,34.41374,23.56,48.72,1011.87,0,897,13:14:23,0.0142526609365942,1,-16,10,0.3575813513452508
2026-05-22T20:14:32.950242+00:00,-119.84128,34.41374,23.68,48.75,1012.07,0,897,13:14:23,0.0142526609365942,1,-16,10,0.3575813513452508
2026-05-22T20:14:33.746742+00:00,-119.84128,34.41374,22.32,51.65,1011.43,0,506,13:14:24,0.0142526609365942,2,-13,9,0.15183455571875776
2026-05-22T20:24:11.968765+00:00,-119.84128,34.41374,22.4,51.73,1011.39,0,523,13:24:03,0.0142526609365942,2,-14,10,0.1601926706255673
2026-05-22T20:24:14.899217+00:00,-119.84128,34.41374,22.73,51.45,1011.97,0,727,13:24:05,0.0142526609365942,1,-17,10,0.35628401323279313
2026-05-22T20:24:16.257853+00:00,-119.84128,34.41374,22.4,51.63,1011.43,0,525,13:24:07,0.0142526609365942,2,-14,10,0.1601926706255673
2026-05-22T20:24:20.825079+00:00,-119.84128,34.41374,22.61,51.48,1011.78,0,727,13:24:11,0.0142526609365942,1,-17,9,0.35628401323279313
2026-05-22T20:24:21.518908+00:00,-119.84128,34.41374,22.72,51.47,1011.94,0,726,13:24:12,0.0142526609365942,1,-17,10,0.35628401323279313
2026-05-22T20:24:23.736101+00:00,-119.84128,34.41374,22.4,51.59,1011.34,0,523,13:24:14,0.0142526609365942,2,-13,10,0.1601926706255673
2026-05-22T20:24:28.322672+00:00,-119.84128,34.41374,22.73,51.44,1011.92,0,721,13:24:19,0.0142526609365942,1,-17,9,0.35628401323279313
2026-05-22T20:24:33.74442+00:00,-119.84128,34.41374,22.39,51.6,1011.33,0,520,13:24:24,0.0142526609365942,2,-13,10,0.1545100337229689
2026-05-22T20:24:38.316973+00:00,-119.84128,34.41374,22.72,51.42,1011.96,0,717,13:24:29,0.0142526609365942,1,-17,9,0.35628401323279313
2026-05-22T20:24:43.741178+00:00,-119.84128,34.41374,22.41,51.55,1011.38,0,515,13:24:34,0.0142526609365942,2,-13,10,0.1545100337229689
2026-05-22T20:25:04.166148+00:00,-119.84128,34.41374,22.4,51.55,1011.39,0,512,13:24:55,0.0142526609365942,2,-13,10,0.15183455571875776
2026-05-22T20:36:09.619475+00:00,-119.84128,34.41374,22.69,51.79,1011.82,0,954,13:36:09,0.0142526609365942,1,-46,10,0.3532599784140025
2026-05-22T20:38:09.336342+00:00,-119.84128,34.41374,22.73,52.31,1011.22,0,681,13:38:09,0.0142526609365942,2,-46,10,0.3127966900956487
2026-05-22T20:39:43.744759+00:00,-119.84128,34.41374,22.86,51.83,1011.22,0,683,13:39:43,0.0142526609365942,2,-37,9,0.3127966900956487
2026-05-22T20:40:10.060258+00:00,-119.84128,34.41374,23.05,52.02,1011.81,0,768,13:40:09,0.0142526609365942,1,-34,10,0.35628401323279313
2026-05-22T20:40:33.748927+00:00,-119.84128,34.41374,22.93,51.76,1011.28,0,668,13:40:33,0.0142526609365942,2,-43,10,0.3127966900956487
2026-05-22T20:40:57.470824+00:00,-119.84128,34.41374,23.15,51.02,1011.86,0,768,13:40:57,0.0142526609365942,1,-40,9,0.35628401323279313
2026-05-22T20:41:17.971311+00:00,-119.84128,34.41374,23.19,50.81,1011.9,0,768,13:41:17,0.0142526609365942,1,-45,9,0.35628401323279313
2026-05-22T20:43:53.757446+00:00,-119.84128,34.41374,23.0,51.29,1011.33,0,649,13:43:53,0.0142526609365942,2,-39,9,0.3249561781902546
2026-05-22T20:45:24.757428+00:00,-119.84128,34.41374,25.33,44.96,1011.9,0,768,13:45:24,0.0142526609365942,1,-38,9,0.4000999534699336
2026-05-22T20:45:45.167167+00:00,-119.84128,34.41374,25.17,44.62,1011.54,0,768,13:45:45,0.0142526609365942,1,-41,10,0.4000999534699336
2026-05-22T20:46:47.676076+00:00,-119.84128,34.41374,25.49,43.67,1011.49,0,768,13:46:47,0.0142526609365942,1,-45,10,0.3985116102907778
2026-05-22T20:47:55.413591+00:00,-119.84128,34.41374,26.02,42.87,1011.89,0,768,13:47:55,0.0142526609365942,1,-39,9,0.4092405084616448
2026-05-22T20:48:27.911712+00:00,-119.84128,34.41374,22.89,51.25,1011.18,0,626,13:48:27,0.0142526609365942,2,-41,10,0.40386089564540234
2026-05-22T20:48:33.765137+00:00,-119.84128,34.41374,22.88,51.3,1011.28,0,620,13:48:33,0.0142526609365942,2,-29,9,0.3521485016082821
2026-05-22T20:49:33.747832+00:00,-119.84128,34.41374,23.38,49.69,1011.23,0,591,13:49:33,0.0142526609365942,2,-34,9,0.3520930259680782
2026-05-22T20:50:47.321407+00:00,-119.84128,34.41374,22.96,49.75,1011.86,0,768,13:50:47,0.0142526609365942,1,-35,11,0.35628401323279313
2026-05-22T20:54:11.542736+00:00,-119.84128,34.41374,33.11,29.0,1011.6,0,421,13:54:11,0.0142526609365942,2,-42,9,0.19204559997503823
2026-05-22T21:03:03.373474+00:00,-119.84128,34.41374,21.54,53.56,1012.02,0,768,14:03:03,0.0142526609365942,1,-56,10,0.35628401323279313
2026-05-22T21:04:01.969008+00:00,-119.84128,34.41374,21.44,57.61,1013.18,0,768,14:04:01,0.0142526609365942,1,-53,10,0.28192506820434354
2026-05-22T21:05:29.552648+00:00,-119.84128,34.41374,21.16,57.78,1013.21,0,768,14:05:29,0.0142526609365942,1,-55,10,0.28192506820434354
2026-05-22T21:07:32.851429+00:00,-119.84128,34.41374,21.02,57.54,1013.21,0,768,14:07:32,0.0142526609365942,1,-54,9,0.28192506820434354
2026-05-22T21:08:42.979117+00:00,-119.84128,34.41374,28.88,35.13,1012.65,0,431,14:08:42,0.0142526609365942,2,-26,8,0.2155523737448685
2026-05-22T21:09:02.955844+00:00,-119.84128,34.41374,29.25,36.02,1012.62,0,427,14:09:02,0.0142526609365942,2,-51,9,0.20403523404354382
2026-05-22T21:10:02.808684+00:00,-119.84128,34.41374,21.4,57.18,1013.15,0,768,14:10:02,0.0142526609365942,1,-54,9,0.28192506820434354
2026-05-22T21:10:12.826461+00:00,-119.84128,34.41374,21.36,58.1,1013.1,0,768,14:10:12,0.0142526609365942,1,-53,8,0.28192506820434354
2026-05-22T21:10:22.84134+00:00,-119.84128,34.41374,21.39,57.98,1013.12,0,768,14:10:22,0.0142526609365942,1,-48,9,0.28192506820434354
2026-05-22T21:10:32.948334+00:00,-119.84128,34.41374,31.33,36.5,1012.78,0,392,14:10:32,0.0142526609365942,2,-67,9,0.2040815218135724
2026-05-22T21:13:36.129656+00:00,-119.84128,34.41374,22.11,55.23,1013.04,0,768,14:13:35,0.0142526609365942,1,-45,10,0.2777005671575662
2026-05-22T21:13:56.166822+00:00,-119.84128,34.41374,33.16,33.46,1012.63,0,399,14:13:55,0.0142526609365942,2,-65,10,0.19204559997503823
2026-05-22T21:14:12.900698+00:00,-119.84128,34.41374,22.08,55.41,1013.05,0,768,14:14:12,0.0142526609365942,1,-47,10,0.2758771239234519
2026-05-22T21:15:12.835241+00:00,-119.84128,34.41374,21.9,55.14,1013.11,0,768,14:15:12,0.0142526609365942,1,-55,10,0.28192506820434354
2026-05-22T21:16:08.269135+00:00,-119.84128,34.41374,33.16,34.71,1012.79,0,393,14:16:08,0.0142526609365942,2,-71,8,0.19204559997503823
2026-05-22T21:17:53.407351+00:00,-119.84128,34.41374,32.4,35.71,1012.77,0,408,14:17:53,0.0142526609365942,2,-71,10,0.19204559997503823
2026-05-22T21:19:06.521909+00:00,-119.84128,34.41374,22.25,59.67,1013.02,0,768,14:19:06,0.0142526609365942,1,-56,10,0.2789714276854993
2026-05-22T21:19:12.81387+00:00,-119.84128,34.41374,22.32,61.38,1013.02,0,768,14:19:12,0.0142526609365942,1,-49,9,0.2789714276854993
2026-05-22T21:19:22.847473+00:00,-119.84128,34.41374,22.39,59.4,1013.06,0,768,14:19:22,0.0142526609365942,1,-53,9,0.27100342048047016
2026-05-22T21:19:52.836957+00:00,-119.84128,34.41374,22.34,53.83,1013.01,0,768,14:19:52,0.0142526609365942,1,-58,9,0.2789714276854993
2026-05-22T21:20:12.825547+00:00,-119.84128,34.41374,22.58,56.24,1012.95,0,768,14:20:12,0.0142526609365942,1,-52,10,0.24509829607473776
2026-05-22T21:20:33.511904+00:00,-119.84128,34.41374,32.12,36.19,1012.71,0,393,14:20:33,0.0142526609365942,2,-73,9,0.2039796257822924
2026-05-22T21:20:43.302621+00:00,-119.84128,34.41374,32.14,34.9,1012.72,0,392,14:20:42,0.0142526609365942,2,-64,10,0.19204559997503823
2026-05-22T21:21:23.388662+00:00,-119.84128,34.41374,23.08,53.95,1013.05,0,768,14:21:23,0.0142526609365942,1,-53,8,0.2758771239234519
2026-05-22T21:21:32.837208+00:00,-119.84128,34.41374,23.09,52.36,1013.02,0,768,14:21:32,0.0142526609365942,1,-65,1,0.2789714276854993
2026-05-22T20:15:17.627691+00:00,-119.84128,34.41374,22.33,51.72,1011.47,0,506,13:15:08,0.0142526609365942,2,-13,9,0.15183455571875776
2026-05-22T20:15:18.324532+00:00,-119.84128,34.41374,22.33,51.72,1011.47,0,506,13:15:09,0.0142526609365942,2,-13,10,0.15183455571875776
2026-05-22T20:15:23.742014+00:00,-119.84128,34.41374,22.32,51.72,1011.43,0,506,13:15:14,0.0142526609365942,2,-13,10,0.15183455571875776
2026-05-22T20:36:10.335437+00:00,-119.84128,34.41374,22.69,51.79,1011.82,0,954,13:36:10,0.0142526609365942,1,-47,10,0.3532599784140025
2026-05-22T20:36:18.35134+00:00,-119.84128,34.41374,22.66,51.72,1011.83,0,894,13:36:18,0.0142526609365942,1,-47,9,0.3532599784140025
2026-05-22T20:36:56.499389+00:00,-119.84128,34.41374,22.57,52.79,1011.28,0,725,13:36:56,0.0142526609365942,2,-43,9,0.35628401323279313
2026-05-22T20:37:10.574085+00:00,-119.84128,34.41374,22.57,52.76,1011.27,0,714,13:37:10,0.0142526609365942,2,-41,9,0.35628401323279313
2026-05-22T20:37:39.394807+00:00,-119.84128,34.41374,22.66,52.11,1011.66,0,715,13:37:39,0.0142526609365942,1,-46,11,0.35628401323279313
2026-05-22T20:39:02.767745+00:00,-119.84128,34.41374,22.83,53.43,1011.83,0,762,13:39:02,0.0142526609365942,1,-34,10,0.35628401323279313
2026-05-22T20:39:12.75799+00:00,-119.84128,34.41374,22.85,52.95,1011.86,0,768,13:39:12,0.0142526609365942,1,-35,9,0.35628401323279313
2026-05-22T20:39:22.757556+00:00,-119.84128,34.41374,22.91,53.59,1011.82,0,768,13:39:22,0.0142526609365942,1,-29,9,0.35628401323279313
2026-05-22T20:41:36.409745+00:00,-119.84128,34.41374,23.23,50.66,1011.94,0,768,13:41:36,0.0142526609365942,1,-48,10,0.35628401323279313
2026-05-22T20:41:52.770433+00:00,-119.84128,34.41374,23.24,50.73,1011.82,0,768,13:41:52,0.0142526609365942,1,-43,9,0.35628401323279313
2026-05-22T20:44:47.659743+00:00,-119.84128,34.41374,22.96,51.28,1011.27,0,647,13:44:47,0.0142526609365942,2,-43,9,0.3418984521410405
2026-05-22T20:48:53.765096+00:00,-119.84128,34.41374,22.85,51.32,1011.36,0,604,13:48:53,0.0142526609365942,2,-26,6,0.3520930259680782
2026-05-22T20:49:06.818188+00:00,-119.84128,34.41374,25.12,44.61,1011.57,0,768,13:49:06,0.0142526609365942,1,-41,10,0.4000999534699336
2026-05-22T20:49:12.792118+00:00,-119.84128,34.41374,25.32,45.32,1011.91,0,768,13:49:12,0.0142526609365942,1,-44,10,0.4000999534699336
2026-05-22T20:50:52.804762+00:00,-119.84128,34.41374,23.06,50.58,1011.83,0,768,13:50:52,0.0142526609365942,1,-40,10,0.35628401323279313
2026-05-22T20:52:52.80551+00:00,-119.84128,34.41374,23.4,49.47,1011.82,0,768,13:52:52,0.0142526609365942,1,-48,9,0.35628401323279313
2026-05-22T20:54:12.275223+00:00,-119.84128,34.41374,33.27,28.74,1011.63,0,420,13:54:12,0.0142526609365942,2,-42,9,0.19204559997503823
2026-05-22T21:03:05.652925+00:00,-119.84128,34.41374,34.47,25.53,1012.88,0,406,14:03:05,0.0142526609365942,2,-46,11,0.1781903553854398
2026-05-22T21:04:08.8689+00:00,-119.84128,34.41374,21.42,57.38,1013.17,0,768,14:04:08,0.0142526609365942,1,-55,10,0.28192506820434354
2026-05-22T21:04:36.843197+00:00,-119.84128,34.41374,20.57,57.74,1012.03,0,768,14:04:36,0.0142526609365942,1,-67,10,0.35628401323279313
2026-05-22T21:04:50.622411+00:00,-119.84128,34.41374,21.23,58.58,1013.19,0,768,14:04:50,0.0142526609365942,1,-62,10,0.28192506820434354
2026-05-22T21:05:35.364423+00:00,-119.84128,34.41374,20.46,57.75,1012.08,0,768,14:05:35,0.0142526609365942,1,-53,10,0.35628401323279313
2026-05-22T21:06:25.357238+00:00,-119.84128,34.41374,21.12,59.19,1013.18,0,768,14:06:25,0.0142526609365942,1,-61,1,0.28192506820434354
2026-05-22T21:09:15.484925+00:00,-119.84128,34.41374,29.2,39.11,1012.81,0,418,14:09:15,0.0142526609365942,2,-64,10,0.20726939368151434
2026-05-22T21:09:32.851476+00:00,-119.84128,34.41374,21.35,56.43,1013.14,0,768,14:09:32,0.0142526609365942,1,-53,9,0.28192506820434354
2026-05-22T21:11:01.129814+00:00,-119.84128,34.41374,32.0,35.15,1012.8,0,395,14:11:00,0.0142526609365942,2,-83,5,0.19214749600631817
2026-05-22T21:11:12.859559+00:00,-119.84128,34.41374,21.34,57.21,1013.13,0,768,14:11:12,0.0142526609365942,1,-48,8,0.28192506820434354
2026-05-22T21:11:30.563862+00:00,-119.84128,34.41374,21.39,57.88,1013.1,0,768,14:11:30,0.0142526609365942,1,-49,10,0.28192506820434354
2026-05-22T21:11:32.827149+00:00,-119.84128,34.41374,21.4,58.07,1013.09,0,768,14:11:32,0.0142526609365942,1,-48,8,0.2819292904403797
2026-05-22T21:12:24.741007+00:00,-119.84128,34.41374,33.41,32.14,1012.83,0,391,14:12:24,0.0142526609365942,2,-77,8,0.1901437343827087
2026-05-22T21:15:08.332992+00:00,-119.84128,34.41374,22.02,55.01,1013.06,0,768,14:15:07,0.0142526609365942,1,-56,10,0.27100342048047016
2026-05-22T21:17:28.305362+00:00,-119.84128,34.41374,32.59,33.7,1012.76,0,404,14:17:28,0.0142526609365942,2,-72,10,0.19204559997503823
2026-05-22T21:17:32.817428+00:00,-119.84128,34.41374,22.05,55.59,1013.0,0,768,14:17:32,0.0142526609365942,1,-56,10,0.27655567571015627
2026-05-22T21:17:42.834543+00:00,-119.84128,34.41374,22.07,54.82,1013.0,0,768,14:17:42,0.0142526609365942,1,-52,9,0.27655567571015627
2026-05-22T20:36:11.074717+00:00,-119.84128,34.41374,22.58,51.74,1011.64,0,942,13:36:10,0.0142526609365942,1,-44,10,0.3532599784140025
2026-05-22T20:36:49.461596+00:00,-119.84128,34.41374,22.65,51.7,1011.82,0,740,13:36:49,0.0142526609365942,1,-45,10,0.35628401323279313
2026-05-22T20:40:43.758715+00:00,-119.84128,34.41374,22.96,51.7,1011.24,0,666,13:40:43,0.0142526609365942,2,-31,10,0.316700617271196
2026-05-22T20:41:13.745089+00:00,-119.84128,34.41374,22.98,51.54,1011.24,0,663,13:41:13,0.0142526609365942,2,-37,9,0.316700617271196
2026-05-22T20:45:06.299899+00:00,-119.84128,34.41374,22.96,51.26,1011.27,0,647,13:45:06,0.0142526609365942,2,-40,9,0.3418984521410405
2026-05-22T20:45:14.744791+00:00,-119.84128,34.41374,25.27,45.17,1011.95,0,768,13:45:14,0.0142526609365942,1,-41,9,0.4000999534699336
2026-05-22T20:45:54.755154+00:00,-119.84128,34.41374,25.5,44.44,1011.88,0,768,13:45:54,0.0142526609365942,1,-45,9,0.4000999534699336
2026-05-22T20:46:33.773009+00:00,-119.84128,34.41374,22.95,51.23,1011.28,0,638,13:46:33,0.0142526609365942,2,-42,10,0.3153746448034402
2026-05-22T20:48:31.466889+00:00,-119.84128,34.41374,25.85,43.74,1011.84,0,768,13:48:31,0.0142526609365942,1,-43,10,0.4092405084616448
2026-05-22T20:48:48.985188+00:00,-119.84128,34.41374,22.87,51.33,1011.28,0,610,13:48:48,0.0142526609365942,2,-37,9,0.3520930259680782
2026-05-22T20:15:27.929574+00:00,-119.84128,34.41374,23.47,49.19,1012.11,0,730,13:15:18,0.0142526609365942,1,-17,9,0.35628401323279313
2026-05-22T20:15:28.615728+00:00,-119.84128,34.41374,23.34,49.25,1011.86,0,727,13:15:19,0.0142526609365942,1,-17,10,0.35628401323279313
2026-05-22T20:15:33.750004+00:00,-119.84128,34.41374,22.33,51.74,1011.39,0,506,13:15:24,0.0142526609365942,2,-13,9,0.15183455571875776
2026-05-22T20:15:34.513876+00:00,-119.84128,34.41374,23.44,49.24,1012.03,0,726,13:15:25,0.0142526609365942,1,-17,9,0.35628401323279313
2026-05-22T20:15:48.957146+00:00,-119.84128,34.41374,22.34,51.72,1011.35,0,506,13:15:39,0.0142526609365942,2,-13,10,0.15183455571875776
2026-05-22T20:15:50.685004+00:00,-119.84128,34.41374,23.37,49.46,1011.97,0,722,13:15:41,0.0142526609365942,1,-17,9,0.35628401323279313
2026-05-22T20:15:51.370316+00:00,-119.84128,34.41374,23.21,49.53,1011.77,0,720,13:15:42,0.0142526609365942,1,-17,10,0.35628401323279313
2026-05-22T20:15:57.276241+00:00,-119.84128,34.41374,23.34,49.54,1012.09,0,720,13:15:48,0.0142526609365942,1,-17,10,0.35628401323279313
2026-05-22T20:15:58.312137+00:00,-119.84128,34.41374,23.3,49.62,1012.05,0,718,13:15:49,0.0142526609365942,1,-17,9,0.35628401323279313
2026-05-22T20:16:06.683126+00:00,-119.84128,34.41374,22.35,51.67,1011.44,0,507,13:15:57,0.0142526609365942,2,-13,10,0.15183455571875776
2026-05-22T20:16:07.37184+00:00,-119.84128,34.41374,22.31,51.67,1011.35,0,507,13:15:58,0.0142526609365942,2,-13,10,0.15183455571875776
2026-05-22T20:16:08.313193+00:00,-119.84128,34.41374,23.28,49.76,1012.05,0,718,13:15:59,0.0142526609365942,1,-17,9,0.35628401323279313
2026-05-22T20:16:13.788865+00:00,-119.84128,34.41374,22.34,51.73,1011.46,0,507,13:16:04,0.0142526609365942,2,-13,10,0.15183455571875776
2026-05-22T20:16:18.322625+00:00,-119.84128,34.41374,23.25,49.83,1011.95,0,719,13:16:09,0.0142526609365942,1,-17,10,0.35628401323279313
2026-05-22T20:16:23.737512+00:00,-119.84128,34.41374,22.35,51.67,1011.39,0,507,13:16:14,0.0142526609365942,2,-13,9,0.15183455571875776
2026-05-22T20:16:33.745825+00:00,-119.84128,34.41374,22.35,51.61,1011.36,0,507,13:16:24,0.0142526609365942,2,-13,5,0.15183455571875776
2026-05-22T20:16:44.501375+00:00,-119.84128,34.41374,23.18,50.09,1012.03,0,722,13:16:35,0.0142526609365942,1,-18,9,0.35628401323279313
2026-05-22T20:16:46.268157+00:00,-119.84128,34.41374,22.36,51.58,1011.38,0,507,13:16:37,0.0142526609365942,2,-14,10,0.15183455571875776
2026-05-22T20:16:48.315963+00:00,-119.84128,34.41374,23.17,50.14,1012.0,0,722,13:16:39,0.0142526609365942,1,-18,10,0.35628401323279313
2026-05-22T20:16:53.740711+00:00,-119.84128,34.41374,22.35,51.64,1011.37,0,507,13:16:44,0.0142526609365942,2,-14,9,0.15183455571875776
2026-05-22T20:16:58.375543+00:00,-119.84128,34.41374,23.16,50.09,1012.04,0,722,13:16:49,0.0142526609365942,1,-17,10,0.35628401323279313
2026-05-22T20:17:24.605692+00:00,-119.84128,34.41374,22.36,51.64,1011.44,0,507,13:17:15,0.0142526609365942,2,-14,9,0.15183455571875776
2026-05-22T20:17:45.781302+00:00,-119.84128,34.41374,22.35,51.69,1011.43,0,508,13:17:36,0.0142526609365942,2,-13,10,0.15183455571875776
2026-05-22T20:17:46.48223+00:00,-119.84128,34.41374,22.35,51.71,1011.42,0,510,13:17:37,0.0142526609365942,2,-13,10,0.15183455571875776
2026-05-22T20:17:47.169202+00:00,-119.84128,34.41374,22.35,51.71,1011.42,0,510,13:17:38,0.0142526609365942,2,-13,11,0.15183455571875776
2026-05-22T20:17:47.937487+00:00,-119.84128,34.41374,23.03,50.42,1012.05,0,721,13:17:38,0.0142526609365942,1,-16,10,0.35628401323279313
2026-05-22T20:17:48.632474+00:00,-119.84128,34.41374,23.03,50.42,1012.05,0,721,13:17:39,0.0142526609365942,1,-16,11,0.35628401323279313
2026-05-22T20:17:49.32434+00:00,-119.84128,34.41374,22.92,50.42,1011.85,0,721,13:17:40,0.0142526609365942,1,-16,11,0.35628401323279313
2026-05-22T20:17:53.737429+00:00,-119.84128,34.41374,22.34,51.66,1011.41,0,511,13:17:44,0.0142526609365942,2,-13,10,0.15183455571875776
2026-05-22T20:18:08.95592+00:00,-119.84128,34.41374,22.36,51.65,1011.44,0,512,13:17:59,0.0142526609365942,2,-13,10,0.15183455571875776
2026-05-22T20:37:13.746242+00:00,-119.84128,34.41374,22.6,52.71,1011.28,0,703,13:37:13,0.0142526609365942,2,-41,10,0.2503964520794511
2026-05-22T20:37:34.17581+00:00,-119.84128,34.41374,22.62,52.64,1011.24,0,696,13:37:34,0.0142526609365942,2,-55,10,0.3309683509848572
2026-05-22T20:40:27.95845+00:00,-119.84128,34.41374,23.07,51.48,1011.87,0,768,13:40:27,0.0142526609365942,1,-27,10,0.35628401323279313
2026-05-22T20:41:02.762321+00:00,-119.84128,34.41374,23.17,50.94,1011.92,0,768,13:41:02,0.0142526609365942,1,-51,9,0.35628401323279313
2026-05-22T20:53:01.697007+00:00,-119.84128,34.41374,31.08,32.72,1011.34,0,426,13:53:01,0.0142526609365942,2,-45,9,0.19214749600631817
2026-05-22T21:02:22.959696+00:00,-119.84128,34.41374,22.7,53.24,1013.17,0,768,14:02:21,0.0142526609365942,1,-30,9,0.28192506820434354
2026-05-22T21:03:14.225292+00:00,-119.84128,34.41374,22.01,54.27,1013.21,0,768,14:03:14,0.0142526609365942,1,-56,9,0.28192506820434354
2026-05-22T21:04:25.150755+00:00,-119.84128,34.41374,21.29,57.51,1013.19,0,768,14:04:24,0.0142526609365942,1,-54,9,0.28192506820434354
2026-05-22T21:04:37.640701+00:00,-119.84128,34.41374,21.29,57.77,1013.21,0,768,14:04:37,0.0142526609365942,1,-67,9,0.28192506820434354
2026-05-22T21:04:51.371035+00:00,-119.84128,34.41374,21.24,58.65,1013.24,0,768,14:04:51,0.0142526609365942,1,-60,10,0.28192506820434354
2026-05-22T21:05:42.851977+00:00,-119.84128,34.41374,21.15,57.39,1013.22,0,768,14:05:42,0.0142526609365942,1,-50,10,0.28192506820434354
2026-05-22T21:06:38.280008+00:00,-119.84128,34.41374,21.12,60.68,1013.21,0,768,14:06:37,0.0142526609365942,1,-58,10,0.28192506820434354
2026-05-22T21:09:52.940092+00:00,-119.84128,34.41374,30.62,37.52,1012.75,0,389,14:09:52,0.0142526609365942,2,-74,8,0.2040815218135724
2026-05-22T21:10:00.450539+00:00,-119.84128,34.41374,21.38,57.46,1013.12,0,768,14:10:00,0.0142526609365942,1,-52,10,0.28192506820434354
2026-05-22T21:11:03.047904+00:00,-119.84128,34.41374,21.33,56.99,1013.14,0,768,14:11:02,0.0142526609365942,1,-51,9,0.28192506820434354
2026-05-22T21:11:28.246447+00:00,-119.84128,34.41374,32.47,33.12,1012.72,0,388,14:11:28,0.0142526609365942,2,-61,10,0.19204559997503823
2026-05-22T21:13:42.851412+00:00,-119.84128,34.41374,22.09,55.65,1013.06,0,768,14:13:42,0.0142526609365942,1,-47,9,0.27100342048047016
2026-05-22T21:16:36.219184+00:00,-119.84128,34.41374,21.93,55.13,1013.1,0,768,14:16:36,0.0142526609365942,1,-55,10,0.28192506820434354
2026-05-22T21:16:58.190388+00:00,-119.84128,34.41374,32.87,33.08,1012.75,0,401,14:16:58,0.0142526609365942,2,-68,9,0.19204559997503823
2026-05-22T21:17:54.592289+00:00,-119.84128,34.41374,32.61,34.0,1012.81,0,401,14:17:54,0.0142526609365942,2,-71,9,0.19204559997503823
2026-05-22T21:18:02.994112+00:00,-119.84128,34.41374,32.8,35.93,1012.84,0,399,14:18:02,0.0142526609365942,2,-69,9,0.19344686832028413
2026-05-22T21:18:12.842806+00:00,-119.84128,34.41374,22.12,56.63,1013.09,0,768,14:18:12,0.0142526609365942,1,-48,9,0.2819292904403797
2026-05-22T21:18:18.230133+00:00,-119.84128,34.41374,33.09,36.36,1012.73,0,392,14:18:18,0.0142526609365942,2,-71,7,0.2039796257822924
2026-05-22T21:19:19.976538+00:00,-119.84128,34.41374,32.47,34.94,1012.8,0,396,14:19:19,0.0142526609365942,2,-90,-8,0.19204559997503823
2026-05-22T21:19:38.194887+00:00,-119.84128,34.41374,32.25,35.05,1012.86,0,400,14:19:38,0.0142526609365942,2,-62,10,0.1781903553854398
2026-05-22T21:19:50.546329+00:00,-119.84128,34.41374,22.51,54.61,1013.12,0,768,14:19:50,0.0142526609365942,1,-60,9,0.28192506820434354
2026-05-22T21:20:21.591686+00:00,-119.84128,34.41374,31.97,34.78,1012.68,0,398,14:20:21,0.0142526609365942,2,-63,9,0.19214749600631817
2026-05-22T21:21:08.167033+00:00,-119.84128,34.41374,32.06,35.68,1012.73,0,390,14:21:08,0.0142526609365942,2,-85,7,0.19214749600631817
2026-05-22T21:21:42.856626+00:00,-119.84128,34.41374,23.06,52.57,1013.07,0,768,14:21:42,0.0142526609365942,1,-50,9,0.2819292904403797
2026-05-22T21:21:51.150978+00:00,-119.84128,34.41374,31.54,36.22,1012.73,0,395,14:21:50,0.0142526609365942,2,-64,10,0.2040815218135724
2026-05-22T21:21:56.9784+00:00,-119.84128,34.41374,31.49,36.59,1012.81,0,396,14:21:56,0.0142526609365942,2,-65,11,0.2040815218135724
2026-05-22T21:22:02.848935+00:00,-119.84128,34.41374,22.9,53.12,1013.14,0,768,14:22:02,0.0142526609365942,1,-49,9,0.28192506820434354
2026-05-22T21:22:14.132772+00:00,-119.84128,34.41374,31.36,36.67,1012.75,0,396,14:22:13,0.0142526609365942,2,-63,10,0.2040815218135724
2026-05-22T21:22:25.778535+00:00,-119.84128,34.41374,23.24,55.92,1013.1,0,768,14:22:25,0.0142526609365942,1,-60,11,0.28192506820434354
2026-05-22T21:22:26.582685+00:00,-119.84128,34.41374,23.19,56.13,1012.88,0,768,14:22:26,0.0142526609365942,1,-61,10,0.351279480114139
2026-05-22T21:22:32.876355+00:00,-119.84128,34.41374,23.47,55.17,1013.02,0,768,14:22:32,0.0142526609365942,1,-58,9,0.2789714276854993
2026-05-22T21:22:42.823008+00:00,-119.84128,34.41374,23.62,54.91,1013.02,0,768,14:22:42,0.0142526609365942,1,-48,8,0.2789714276854993
2026-05-22T21:22:52.815212+00:00,-119.84128,34.41374,23.62,52.53,1013.06,0,768,14:22:52,0.0142526609365942,1,-55,3,0.27100342048047016
2026-05-22T21:23:31.514479+00:00,-119.84128,34.41374,24.14,51.54,1013.02,0,768,14:23:31,0.0142526609365942,1,-53,10,0.290219051955361
2026-05-22T21:23:33.133739+00:00,-119.84128,34.41374,24.37,53.51,1013.11,0,768,14:23:32,0.0142526609365942,1,-53,5,0.292273510286421
2026-05-22T20:36:48.759105+00:00,-119.84128,34.41374,22.64,51.66,1011.83,0,775,13:36:48,0.0142526609365942,1,-45,10,0.35628401323279313
2026-05-22T20:38:15.9664+00:00,-119.84128,34.41374,22.74,52.26,1011.21,0,682,13:38:15,0.0142526609365942,2,-39,8,0.3127966900956487
2026-05-22T20:38:43.749644+00:00,-119.84128,34.41374,22.79,52.08,1011.26,0,683,13:38:43,0.0142526609365942,2,-42,10,0.3127966900956487
2026-05-22T20:39:04.85929+00:00,-119.84128,34.41374,22.81,51.95,1011.16,0,686,13:39:04,0.0142526609365942,2,-41,11,0.3127966900956487
2026-05-22T20:39:34.752044+00:00,-119.84128,34.41374,22.93,54.63,1011.86,0,768,13:39:34,0.0142526609365942,1,-46,9,0.35628401323279313
2026-05-22T20:40:17.154881+00:00,-119.84128,34.41374,22.91,51.82,1011.25,0,677,13:40:17,0.0142526609365942,2,-33,10,0.3127966900956487
2026-05-22T20:41:03.746749+00:00,-119.84128,34.41374,22.98,51.58,1011.24,0,664,13:41:03,0.0142526609365942,2,-35,9,0.316700617271196
2026-05-22T20:49:38.228564+00:00,-119.84128,34.41374,25.11,44.52,1011.87,0,768,13:49:37,0.0142526609365942,1,-36,9,0.4000999534699336
2026-05-22T20:51:01.519172+00:00,-119.84128,34.41374,27.44,39.95,1011.41,0,489,13:51:01,0.0142526609365942,2,-43,10,0.1916931155453853
2026-05-22T20:53:02.521269+00:00,-119.84128,34.41374,31.18,32.67,1011.4,0,426,13:53:02,0.0142526609365942,2,-38,10,0.19214749600631817
2026-05-22T21:02:29.802575+00:00,-119.84128,34.41374,35.21,24.97,1012.81,0,393,14:02:29,0.0142526609365942,2,-27,10,0.19204559997503823
2026-05-22T21:03:35.689022+00:00,-119.84128,34.41374,21.65,56.63,1013.18,0,768,14:03:35,0.0142526609365942,1,-56,10,0.28192506820434354
2026-05-22T21:04:02.725113+00:00,-119.84128,34.41374,20.71,57.55,1012.06,0,768,14:04:02,0.0142526609365942,1,-53,9,0.35628401323279313
2026-05-22T21:04:26.110415+00:00,-119.84128,34.41374,21.3,58.73,1013.22,0,768,14:04:25,0.0142526609365942,1,-55,9,0.28192506820434354
2026-05-22T21:04:38.402331+00:00,-119.84128,34.41374,21.28,58.05,1013.2,0,768,14:04:38,0.0142526609365942,1,-61,9,0.28192506820434354
2026-05-22T21:04:52.137542+00:00,-119.84128,34.41374,20.52,58.78,1011.99,0,768,14:04:51,0.0142526609365942,1,-68,10,0.35628401323279313
2026-05-22T21:07:42.874091+00:00,-119.84128,34.41374,21.07,57.52,1013.23,0,768,14:07:42,0.0142526609365942,1,-65,9,0.28192506820434354
2026-05-22T21:09:22.881383+00:00,-119.84128,34.41374,21.37,57.33,1013.17,0,768,14:09:22,0.0142526609365942,1,-57,5,0.28192506820434354
2026-05-22T21:10:58.496532+00:00,-119.84128,34.41374,21.32,57.39,1013.12,0,768,14:10:58,0.0142526609365942,1,-52,9,0.28192506820434354
2026-05-22T21:11:07.036546+00:00,-119.84128,34.41374,32.16,33.65,1012.71,0,395,14:11:06,0.0142526609365942,2,-69,10,0.19204559997503823
2026-05-22T21:11:46.817348+00:00,-119.84128,34.41374,21.46,58.92,1013.14,0,768,14:11:46,0.0142526609365942,1,-49,9,0.28192506820434354
2026-05-22T21:12:13.710951+00:00,-119.84128,34.41374,21.49,60.09,1013.16,0,768,14:12:13,0.0142526609365942,1,-56,9,0.28192506820434354
2026-05-22T21:12:17.010523+00:00,-119.84128,34.41374,33.48,32.38,1012.78,0,389,14:12:16,0.0142526609365942,2,-75,9,0.19204559997503823
2026-05-22T21:13:03.898139+00:00,-119.84128,34.41374,34.24,31.64,1012.76,0,389,14:13:03,0.0142526609365942,2,-73,9,0.19204559997503823
2026-05-22T21:13:37.71789+00:00,-119.84128,34.41374,22.08,55.02,1013.16,0,768,14:13:37,0.0142526609365942,1,-46,10,0.28192506820434354
2026-05-22T21:14:05.952425+00:00,-119.84128,34.41374,33.14,33.82,1012.73,0,402,14:14:05,0.0142526609365942,2,-62,9,0.19204559997503823
2026-05-22T20:18:13.742345+00:00,-119.84128,34.41374,22.35,51.71,1011.43,0,513,13:18:04,0.0142526609365942,2,-13,2,0.15183455571875776
2026-05-22T20:18:24.8946+00:00,-119.84128,34.41374,22.98,50.61,1011.94,0,720,13:18:15,0.0142526609365942,1,-16,10,0.35628401323279313
2026-05-22T20:18:36.030822+00:00,-119.84128,34.41374,22.31,51.67,1011.33,0,514,13:18:27,0.0142526609365942,2,-13,10,0.15183455571875776
2026-05-22T20:18:36.716332+00:00,-119.84128,34.41374,22.36,51.69,1011.35,0,514,13:18:27,0.0142526609365942,2,-13,10,0.15183455571875776
2026-05-22T20:18:40.718193+00:00,-119.84128,34.41374,22.96,50.69,1012.07,0,720,13:18:31,0.0142526609365942,1,-17,10,0.35628401323279313
2026-05-22T20:18:41.41794+00:00,-119.84128,34.41374,22.95,50.68,1011.95,0,720,13:18:32,0.0142526609365942,1,-17,10,0.35628401323279313
2026-05-22T20:18:43.735044+00:00,-119.84128,34.41374,22.36,51.72,1011.39,0,515,13:18:34,0.0142526609365942,2,-13,10,0.1545100337229689
2026-05-22T20:18:48.324427+00:00,-119.84128,34.41374,22.94,50.74,1011.99,0,720,13:18:39,0.0142526609365942,1,-17,9,0.35628401323279313
2026-05-22T20:18:53.744423+00:00,-119.84128,34.41374,22.36,51.71,1011.35,0,515,13:18:44,0.0142526609365942,2,-13,10,0.1545100337229689
2026-05-22T20:18:58.840977+00:00,-119.84128,34.41374,22.94,50.84,1011.9,0,720,13:18:49,0.0142526609365942,1,-17,10,0.35628401323279313
2026-05-22T20:19:03.734347+00:00,-119.84128,34.41374,22.35,51.69,1011.4,0,515,13:18:54,0.0142526609365942,2,-13,10,0.1545100337229689
2026-05-22T20:19:08.34294+00:00,-119.84128,34.41374,22.92,50.87,1011.95,0,720,13:18:59,0.0142526609365942,1,-17,9,0.35628401323279313
2026-05-22T20:19:16.269997+00:00,-119.84128,34.41374,22.32,51.66,1011.32,0,515,13:19:07,0.0142526609365942,2,-13,11,0.1545100337229689
2026-05-22T20:19:30.39967+00:00,-119.84128,34.41374,22.36,51.64,1011.39,0,515,13:19:21,0.0142526609365942,2,-12,3,0.1545100337229689
2026-05-22T20:19:33.732002+00:00,-119.84128,34.41374,22.36,51.67,1011.38,0,515,13:19:24,0.0142526609365942,2,-13,10,0.1545100337229689
2026-05-22T20:19:40.553816+00:00,-119.84128,34.41374,22.9,50.89,1012.03,0,721,13:19:31,0.0142526609365942,1,-17,10,0.35628401323279313
2026-05-22T20:19:43.73788+00:00,-119.84128,34.41374,22.34,51.72,1011.35,0,515,13:19:34,0.0142526609365942,2,-13,10,0.1545100337229689
2026-05-22T20:19:48.846109+00:00,-119.84128,34.41374,22.87,50.93,1011.99,0,720,13:19:39,0.0142526609365942,1,-17,10,0.35628401323279313
2026-05-22T20:19:58.321649+00:00,-119.84128,34.41374,22.86,50.95,1011.97,0,720,13:19:49,0.0142526609365942,1,-17,9,0.35628401323279313
2026-05-22T20:20:04.179107+00:00,-119.84128,34.41374,22.34,51.67,1011.35,0,515,13:19:55,0.0142526609365942,2,-13,10,0.1545100337229689
2026-05-22T20:20:07.389977+00:00,-119.84128,34.41374,22.35,51.74,1011.42,0,514,13:19:58,0.0142526609365942,2,-14,10,0.15183455571875776
2026-05-22T20:20:13.736978+00:00,-119.84128,34.41374,22.34,51.7,1011.41,0,514,13:20:04,0.0142526609365942,2,-13,10,0.15183455571875776
2026-05-22T20:20:17.968312+00:00,-119.84128,34.41374,22.86,51.04,1011.94,0,721,13:20:09,0.0142526609365942,1,-17,9,0.35628401323279313
2026-05-22T20:36:55.807244+00:00,-119.84128,34.41374,22.53,52.84,1011.22,0,725,13:36:55,0.0142526609365942,2,-42,10,0.35628401323279313
2026-05-22T20:37:08.326345+00:00,-119.84128,34.41374,22.71,53.4,1011.83,0,724,13:37:08,0.0142526609365942,1,-52,10,0.35628401323279313
2026-05-22T20:37:47.814681+00:00,-119.84128,34.41374,22.67,52.44,1011.24,0,686,13:37:47,0.0142526609365942,2,-38,10,0.3127966900956487
2026-05-22T20:38:15.271237+00:00,-119.84128,34.41374,22.73,52.31,1011.22,0,682,13:38:15,0.0142526609365942,2,-45,9,0.3127966900956487
2026-05-22T20:40:23.759853+00:00,-119.84128,34.41374,22.93,51.81,1011.24,0,671,13:40:23,0.0142526609365942,2,-26,11,0.3127966900956487
2026-05-22T20:49:43.967966+00:00,-119.84128,34.41374,23.82,48.54,1011.2,0,586,13:49:43,0.0142526609365942,2,-32,9,0.3566241717211851
2026-05-22T20:51:02.85284+00:00,-119.84128,34.41374,23.05,50.78,1011.89,0,768,13:51:02,0.0142526609365942,1,-39,9,0.35628401323279313
2026-05-22T20:53:03.239715+00:00,-119.84128,34.41374,31.23,32.62,1011.44,0,426,13:53:03,0.0142526609365942,2,-33,10,0.19214749600631817
2026-05-22T21:03:37.308318+00:00,-119.84128,34.41374,33.99,26.05,1012.87,0,411,14:03:37,0.0142526609365942,2,-79,9,0.1781903553854398
2026-05-22T21:04:26.897347+00:00,-119.84128,34.41374,21.3,58.73,1013.22,0,768,14:04:26,0.0142526609365942,1,-55,10,0.28192506820434354
2026-05-22T21:04:39.194118+00:00,-119.84128,34.41374,21.28,58.05,1013.2,0,768,14:04:39,0.0142526609365942,1,-67,9,0.28192506820434354
2026-05-22T21:04:52.906951+00:00,-119.84128,34.41374,21.23,59.2,1013.25,0,768,14:04:52,0.0142526609365942,1,-65,10,0.28192506820434354
2026-05-22T21:06:48.039634+00:00,-119.84128,34.41374,21.09,58.2,1013.21,0,768,14:06:47,0.0142526609365942,1,-64,9,0.28192506820434354
2026-05-22T21:07:52.851393+00:00,-119.84128,34.41374,21.13,57.43,1013.22,0,768,14:07:52,0.0142526609365942,1,-58,9,0.28192506820434354
2026-05-22T21:08:10.588962+00:00,-119.84128,34.41374,21.18,58.12,1013.14,0,768,14:08:10,0.0142526609365942,1,-57,9,0.28192506820434354
2026-05-22T21:08:28.062278+00:00,-119.84128,34.41374,21.23,58.32,1013.14,0,768,14:08:27,0.0142526609365942,1,-67,4,0.28192506820434354
2026-05-22T21:09:18.460072+00:00,-119.84128,34.41374,21.35,56.98,1013.12,0,768,14:09:18,0.0142526609365942,1,-54,9,0.28192506820434354
2026-05-22T21:10:05.530097+00:00,-119.84128,34.41374,30.81,35.62,1012.81,0,387,14:10:05,0.0142526609365942,2,-66,9,0.19214749600631817
2026-05-22T21:10:18.185581+00:00,-119.84128,34.41374,30.99,36.07,1012.74,0,390,14:10:18,0.0142526609365942,2,-68,9,0.2040815218135724
2026-05-22T21:10:28.19296+00:00,-119.84128,34.41374,31.2,36.49,1012.77,0,393,14:10:28,0.0142526609365942,2,-64,9,0.2040815218135724
2026-05-22T21:10:35.364821+00:00,-119.84128,34.41374,21.35,57.97,1013.11,0,768,14:10:35,0.0142526609365942,1,-47,11,0.28192506820434354
2026-05-22T21:11:18.180834+00:00,-119.84128,34.41374,32.31,33.72,1012.74,0,393,14:11:18,0.0142526609365942,2,-61,10,0.19204559997503823
2026-05-22T21:12:22.893602+00:00,-119.84128,34.41374,21.64,57.67,1013.13,0,768,14:12:22,0.0142526609365942,1,-42,10,0.28192506820434354
2026-05-22T21:12:32.862219+00:00,-119.84128,34.41374,21.75,56.3,1013.15,0,768,14:12:32,0.0142526609365942,1,-48,9,0.28192506820434354
2026-05-22T21:12:40.806578+00:00,-119.84128,34.41374,33.99,30.35,1012.8,0,389,14:12:40,0.0142526609365942,2,-76,9,0.19204559997503823
2026-05-22T21:13:56.946998+00:00,-119.84128,34.41374,33.25,33.41,1012.83,0,399,14:13:56,0.0142526609365942,2,-61,10,0.1901437343827087
2026-05-22T21:14:32.856989+00:00,-119.84128,34.41374,22.06,54.49,1013.07,0,768,14:14:32,0.0142526609365942,1,-57,6,0.2819292904403797
2026-05-22T21:14:36.997867+00:00,-119.84128,34.41374,33.49,33.76,1012.83,0,394,14:14:36,0.0142526609365942,2,-77,8,0.1901437343827087
2026-05-22T21:14:58.190069+00:00,-119.84128,34.41374,33.43,34.01,1012.79,0,397,14:14:58,0.0142526609365942,2,-64,9,0.19204559997503823
2026-05-22T21:15:15.888601+00:00,-119.84128,34.41374,33.39,34.03,1012.69,0,389,14:15:15,0.0142526609365942,2,-64,10,0.19204559997503823
2026-05-22T21:15:16.653834+00:00,-119.84128,34.41374,33.45,33.7,1012.78,0,389,14:15:16,0.0142526609365942,2,-65,10,0.19204559997503823
2026-05-22T21:15:42.839647+00:00,-119.84128,34.41374,21.9,55.17,1013.08,0,768,14:15:42,0.0142526609365942,1,-53,8,0.2819292904403797
2026-05-22T21:16:36.984126+00:00,-119.84128,34.41374,21.52,55.2,1012.34,0,768,14:16:36,0.0142526609365942,1,-46,10,0.35628401323279313
2026-05-22T21:17:12.957448+00:00,-119.84128,34.41374,32.9,33.16,1012.65,0,402,14:17:12,0.0142526609365942,2,-64,10,0.19204559997503823
2026-05-22T21:18:42.832448+00:00,-119.84128,34.41374,22.07,56.02,1013.11,0,768,14:18:42,0.0142526609365942,1,-45,9,0.28192506820434354
2026-05-22T21:18:52.981689+00:00,-119.84128,34.41374,32.93,34.63,1012.8,0,393,14:18:52,0.0142526609365942,2,-66,10,0.19204559997503823
2026-05-22T21:19:02.968253+00:00,-119.84128,34.41374,32.66,34.48,1012.76,0,395,14:19:02,0.0142526609365942,2,-65,9,0.19204559997503823
2026-05-22T21:19:05.776603+00:00,-119.84128,34.41374,22.16,58.53,1013.04,0,768,14:19:05,0.0142526609365942,1,-63,9,0.2777005671575662
2026-05-22T21:19:28.204335+00:00,-119.84128,34.41374,32.18,34.7,1012.82,0,397,14:19:28,0.0142526609365942,2,-68,9,0.19224053031583785
2026-05-22T21:19:32.842103+00:00,-119.84128,34.41374,22.51,58.69,1013.07,0,768,14:19:32,0.0142526609365942,1,-64,4,0.2819292904403797
2026-05-22T21:20:02.836677+00:00,-119.84128,34.41374,22.44,54.18,1013.06,0,768,14:20:02,0.0142526609365942,1,-51,10,0.27100342048047016
2026-05-22T21:20:22.345215+00:00,-119.84128,34.41374,32.16,36.4,1012.83,0,393,14:20:22,0.0142526609365942,2,-63,10,0.20211259515240682
2026-05-22T21:20:34.302389+00:00,-119.84128,34.41374,32.16,35.47,1012.77,0,391,14:20:34,0.0142526609365942,2,-72,10,0.19204559997503823
2026-05-22T21:20:45.78948+00:00,-119.84128,34.41374,22.34,54.57,1012.48,0,768,14:20:45,0.0142526609365942,1,-53,10,0.35628401323279313
2026-05-22T21:20:52.852785+00:00,-119.84128,34.41374,22.78,56.02,1013.01,0,768,14:20:52,0.0142526609365942,1,-56,8,0.2789714276854993
2026-05-22T21:21:02.848072+00:00,-119.84128,34.41374,22.83,53.85,1013.0,0,768,14:21:02,0.0142526609365942,1,-53,7,0.27655567571015627
2026-05-22T21:21:12.877909+00:00,-119.84128,34.41374,23.1,53.06,1013.06,0,768,14:21:12,0.0142526609365942,1,-54,8,0.27100342048047016
2026-05-22T20:40:35.294395+00:00,-119.84128,34.41374,23.11,51.25,1011.88,0,768,13:40:35,0.0142526609365942,1,-46,10,0.35628401323279313
2026-05-22T20:49:53.80287+00:00,-119.84128,34.41374,24.35,47.22,1011.22,0,578,13:49:53,0.0142526609365942,2,-34,8,0.3531149283880702
2026-05-22T20:52:21.156264+00:00,-119.84128,34.41374,22.83,50.74,1011.03,0,768,13:52:19,0.0142526609365942,1,-47,10,0.35628401323279313
2026-05-22T20:53:03.964604+00:00,-119.84128,34.41374,31.26,32.52,1011.41,0,426,13:53:03,0.0142526609365942,2,-32,9,0.19214749600631817
2026-05-22T21:02:50.637531+00:00,-119.84128,34.41374,21.61,53.4,1012.1,0,768,14:02:50,0.0142526609365942,1,-56,4,0.35628401323279313
2026-05-22T21:03:06.421235+00:00,-119.84128,34.41374,34.2,25.59,1012.29,0,406,14:03:06,0.0142526609365942,2,-47,11,0.19204559997503823
2026-05-22T21:03:38.077666+00:00,-119.84128,34.41374,33.99,26.05,1012.87,0,411,14:03:37,0.0142526609365942,2,-83,7,0.1781903553854398
2026-05-22T21:04:27.709457+00:00,-119.84128,34.41374,20.57,58.26,1012.03,0,768,14:04:27,0.0142526609365942,1,-55,11,0.35628401323279313
2026-05-22T21:04:39.948913+00:00,-119.84128,34.41374,20.55,57.94,1012.0,0,768,14:04:39,0.0142526609365942,1,-72,9,0.35628401323279313
2026-05-22T21:05:52.817964+00:00,-119.84128,34.41374,21.15,57.71,1013.09,0,768,14:05:52,0.0142526609365942,1,-57,10,0.2819292904403797
2026-05-22T21:06:52.841637+00:00,-119.84128,34.41374,21.01,57.46,1013.23,0,768,14:06:52,0.0142526609365942,1,-54,9,0.28192506820434354
2026-05-22T21:09:00.463349+00:00,-119.84128,34.41374,21.35,58.47,1013.2,0,768,14:09:00,0.0142526609365942,1,-57,10,0.28192506820434354
2026-05-22T21:10:01.175268+00:00,-119.84128,34.41374,21.38,57.46,1013.12,0,768,14:10:01,0.0142526609365942,1,-55,10,0.28192506820434354
2026-05-22T21:11:43.509745+00:00,-119.84128,34.41374,32.64,32.94,1012.75,0,390,14:11:43,0.0142526609365942,2,-76,8,0.19204559997503823
2026-05-22T21:11:52.140011+00:00,-119.84128,34.41374,33.11,32.38,1012.65,0,389,14:11:51,0.0142526609365942,2,-70,10,0.19204559997503823
2026-05-22T21:12:18.958899+00:00,-119.84128,34.41374,21.53,57.48,1013.11,0,768,14:12:18,0.0142526609365942,1,-51,10,0.28192506820434354
2026-05-22T21:12:59.574002+00:00,-119.84128,34.41374,22.17,56.81,1013.13,0,768,14:12:59,0.0142526609365942,1,-63,10,0.28192506820434354
2026-05-22T21:13:57.797825+00:00,-119.84128,34.41374,33.27,33.15,1012.81,0,399,14:13:57,0.0142526609365942,2,-62,10,0.19204559997503823
2026-05-22T21:14:20.696288+00:00,-119.84128,34.41374,33.09,33.42,1012.63,0,405,14:14:20,0.0142526609365942,2,-62,10,0.19204559997503823
2026-05-22T21:14:28.254885+00:00,-119.84128,34.41374,33.39,34.3,1012.81,0,403,14:14:28,0.0142526609365942,2,-66,9,0.19204559997503823
2026-05-22T21:14:42.994639+00:00,-119.84128,34.41374,33.49,33.28,1012.76,0,393,14:14:42,0.0142526609365942,2,-62,10,0.19204559997503823
2026-05-22T21:14:52.826126+00:00,-119.84128,34.41374,22.04,55.88,1013.07,0,768,14:14:52,0.0142526609365942,1,-57,8,0.2819292904403797
2026-05-22T21:15:22.857544+00:00,-119.84128,34.41374,21.86,55.51,1013.04,0,768,14:15:22,0.0142526609365942,1,-51,9,0.2777005671575662
2026-05-22T21:15:32.976291+00:00,-119.84128,34.41374,33.37,33.26,1012.79,0,389,14:15:32,0.0142526609365942,2,-68,2,0.19204559997503823
2026-05-22T21:15:52.849119+00:00,-119.84128,34.41374,21.9,56.05,1013.08,0,768,14:15:52,0.0142526609365942,1,-52,10,0.2819292904403797
2026-05-22T21:16:42.826612+00:00,-119.84128,34.41374,21.92,55.43,1013.08,0,768,14:16:42,0.0142526609365942,1,-55,10,0.2819292904403797
2026-05-22T21:17:22.856002+00:00,-119.84128,34.41374,22.02,55.61,1013.05,0,768,14:17:22,0.0142526609365942,1,-57,4,0.2758771239234519
2026-05-22T20:20:28.958012+00:00,-119.84128,34.41374,22.35,51.67,1011.42,0,514,13:20:19,0.0142526609365942,2,-13,9,0.15183455571875776
2026-05-22T20:20:33.733786+00:00,-119.84128,34.41374,22.33,51.78,1011.42,0,513,13:20:24,0.0142526609365942,2,-13,10,0.15183455571875776
2026-05-22T20:20:48.955138+00:00,-119.84128,34.41374,22.33,51.8,1011.42,0,513,13:20:39,0.0142526609365942,2,-12,3,0.15183455571875776
2026-05-22T20:20:56.376069+00:00,-119.84128,34.41374,22.34,51.82,1011.38,0,515,13:20:47,0.0142526609365942,2,-13,11,0.1545100337229689
2026-05-22T20:21:00.075292+00:00,-119.84128,34.41374,22.84,51.27,1011.96,0,730,13:20:51,0.0142526609365942,1,-19,10,0.35628401323279313
2026-05-22T20:21:00.759874+00:00,-119.84128,34.41374,22.86,51.17,1011.97,0,731,13:20:51,0.0142526609365942,1,-19,11,0.35628401323279313
2026-05-22T20:21:06.089282+00:00,-119.84128,34.41374,22.36,51.77,1011.43,0,518,13:20:57,0.0142526609365942,2,-13,10,0.1545100337229689
2026-05-22T20:21:11.869101+00:00,-119.84128,34.41374,22.74,51.12,1011.79,0,730,13:21:02,0.0142526609365942,1,-17,9,0.35628401323279313
2026-05-22T20:21:12.55301+00:00,-119.84128,34.41374,22.86,51.05,1011.91,0,730,13:21:03,0.0142526609365942,1,-17,11,0.35628401323279313
2026-05-22T20:21:13.777651+00:00,-119.84128,34.41374,22.35,51.76,1011.42,0,519,13:21:04,0.0142526609365942,2,-13,10,0.1545100337229689
2026-05-22T20:21:34.181963+00:00,-119.84128,34.41374,22.36,51.71,1011.41,0,520,13:21:25,0.0142526609365942,2,-13,10,0.1545100337229689
2026-05-22T20:21:34.864964+00:00,-119.84128,34.41374,22.36,51.71,1011.39,0,519,13:21:25,0.0142526609365942,2,-13,10,0.1545100337229689
2026-05-22T20:22:01.90911+00:00,-119.84128,34.41374,22.36,51.66,1011.36,0,518,13:21:52,0.0142526609365942,2,-13,9,0.1545100337229689
2026-05-22T20:22:03.740543+00:00,-119.84128,34.41374,22.36,51.66,1011.39,0,518,13:21:54,0.0142526609365942,2,-13,10,0.1545100337229689
2026-05-22T20:42:08.981576+00:00,-119.84128,34.41374,23.01,51.4,1011.26,0,658,13:42:08,0.0142526609365942,2,-40,10,0.316700617271196
2026-05-22T20:42:40.258292+00:00,-119.84128,34.41374,23.9,48.85,1011.88,0,768,13:42:40,0.0142526609365942,1,-42,10,0.36081515898590005
2026-05-22T20:42:53.758622+00:00,-119.84128,34.41374,23.01,51.33,1011.29,0,656,13:42:53,0.0142526609365942,2,-42,10,0.316700617271196
2026-05-22T20:43:03.762223+00:00,-119.84128,34.41374,23.0,51.32,1011.23,0,655,13:43:03,0.0142526609365942,2,-42,10,0.316700617271196
2026-05-22T20:43:13.753623+00:00,-119.84128,34.41374,23.01,51.32,1011.26,0,654,13:43:13,0.0142526609365942,2,-43,9,0.316700617271196
2026-05-22T20:44:55.156455+00:00,-119.84128,34.41374,25.15,45.46,1011.94,0,768,13:44:55,0.0142526609365942,1,-43,9,0.40086061149990476
2026-05-22T20:47:58.097225+00:00,-119.84128,34.41374,26.04,42.88,1011.95,0,768,13:47:58,0.0142526609365942,1,-38,9,0.4092405084616448
2026-05-22T20:48:29.349713+00:00,-119.84128,34.41374,22.86,51.24,1011.21,0,625,13:48:29,0.0142526609365942,2,-35,10,0.40386089564540234
2026-05-22T20:49:07.519154+00:00,-119.84128,34.41374,25.12,44.61,1011.57,0,768,13:49:07,0.0142526609365942,1,-32,10,0.4000999534699336
2026-05-22T20:49:23.753529+00:00,-119.84128,34.41374,23.11,50.51,1011.24,0,596,13:49:23,0.0142526609365942,2,-33,9,0.3520930259680782
2026-05-22T20:50:02.563304+00:00,-119.84128,34.41374,23.84,46.49,1011.5,0,768,13:50:02,0.0142526609365942,1,-53,10,0.37113224869057426
2026-05-22T20:52:22.14786+00:00,-119.84128,34.41374,23.34,50.59,1011.83,0,768,13:52:21,0.0142526609365942,1,-43,10,0.35628401323279313
2026-05-22T20:53:04.689934+00:00,-119.84128,34.41374,31.31,32.51,1011.47,0,426,13:53:04,0.0142526609365942,2,-35,7,0.19214749600631817
2026-05-22T21:02:51.4274+00:00,-119.84128,34.41374,22.28,53.4,1013.19,0,768,14:02:51,0.0142526609365942,1,-57,10,0.28192506820434354
2026-05-22T21:03:07.159731+00:00,-119.84128,34.41374,34.5,25.62,1012.84,0,405,14:03:07,0.0142526609365942,2,-71,9,0.17993523906141928
2026-05-22T21:03:39.059413+00:00,-119.84128,34.41374,33.91,26.29,1012.95,0,412,14:03:38,0.0142526609365942,2,-80,10,0.05869405435946896
2026-05-22T21:06:02.846906+00:00,-119.84128,34.41374,21.12,58.97,1013.17,0,768,14:06:02,0.0142526609365942,1,-70,9,0.28192506820434354
2026-05-22T21:08:12.792452+00:00,-119.84128,34.41374,21.2,58.12,1013.15,0,768,14:08:12,0.0142526609365942,1,-74,9,0.28192506820434354
2026-05-22T21:08:52.988983+00:00,-119.84128,34.41374,29.07,35.07,1012.71,0,429,14:08:52,0.0142526609365942,2,-63,9,0.2146485031543475
2026-05-22T21:14:02.830156+00:00,-119.84128,34.41374,22.06,54.25,1013.02,0,768,14:14:02,0.0142526609365942,1,-45,9,0.2789714276854993
2026-05-22T21:16:00.718827+00:00,-119.84128,34.41374,33.07,34.05,1012.67,0,393,14:16:00,0.0142526609365942,2,-67,10,0.19204559997503823
2026-05-22T21:16:02.85393+00:00,-119.84128,34.41374,21.9,56.37,1013.11,0,768,14:16:02,0.0142526609365942,1,-55,7,0.28192506820434354
2026-05-22T21:16:32.96852+00:00,-119.84128,34.41374,33.05,32.74,1012.81,0,395,14:16:32,0.0142526609365942,2,-68,9,0.19204559997503823
2026-05-22T21:16:45.529654+00:00,-119.84128,34.41374,32.84,33.25,1012.59,0,397,14:16:45,0.0142526609365942,2,-69,9,0.19204559997503823
2026-05-22T21:17:08.146674+00:00,-119.84128,34.41374,32.89,33.04,1012.68,0,401,14:17:08,0.0142526609365942,2,-72,9,0.19204559997503823
2026-05-22T21:17:15.367567+00:00,-119.84128,34.41374,22.0,55.87,1013.03,0,768,14:17:15,0.0142526609365942,1,-50,10,0.2789714276854993
2026-05-22T21:17:35.511862+00:00,-119.84128,34.41374,32.03,36.23,1012.84,0,411,14:17:35,0.0142526609365942,2,-62,10,0.1919859405970784
2026-05-22T21:18:22.851043+00:00,-119.84128,34.41374,22.12,58.41,1013.09,0,768,14:18:22,0.0142526609365942,1,-52,9,0.2819292904403797
2026-05-22T21:18:25.492209+00:00,-119.84128,34.41374,32.84,34.49,1012.87,0,392,14:18:25,0.0142526609365942,2,-70,10,0.1781903553854398
2026-05-22T21:19:48.200601+00:00,-119.84128,34.41374,32.09,35.04,1012.84,0,400,14:19:48,0.0142526609365942,2,-80,8,0.17993523906141928
2026-05-22T21:20:28.025515+00:00,-119.84128,34.41374,22.67,56.62,1013.07,0,768,14:20:27,0.0142526609365942,1,-47,9,0.2819292904403797
2026-05-22T21:20:46.556788+00:00,-119.84128,34.41374,22.74,55.16,1013.08,0,768,14:20:46,0.0142526609365942,1,-61,10,0.2819292904403797
2026-05-22T21:20:55.521332+00:00,-119.84128,34.41374,32.28,36.05,1012.72,0,390,14:20:55,0.0142526609365942,2,-76,10,0.2039796257822924
2026-05-22T21:21:28.634544+00:00,-119.84128,34.41374,31.95,36.04,1012.73,0,395,14:21:28,0.0142526609365942,2,-72,9,0.2040815218135724
2026-05-22T21:21:52.824662+00:00,-119.84128,34.41374,22.95,53.23,1013.03,0,768,14:21:52,0.0142526609365942,1,-47,9,0.2789714276854993
2026-05-22T21:22:13.375102+00:00,-119.84128,34.41374,31.42,36.19,1012.79,0,396,14:22:13,0.0142526609365942,2,-62,4,0.2040815218135724
2026-05-22T21:22:23.259341+00:00,-119.84128,34.41374,31.47,37.29,1012.75,0,397,14:22:22,0.0142526609365942,2,-82,8,0.2040815218135724
2026-05-22T21:22:35.524952+00:00,-119.84128,34.41374,31.16,36.31,1012.69,0,395,14:22:35,0.0142526609365942,2,-81,8,0.2040815218135724
2026-05-22T21:22:51.004035+00:00,-119.84128,34.41374,31.22,37.18,1012.71,0,395,14:22:50,0.0142526609365942,2,-79,9,0.2040815218135724
2026-05-22T21:22:58.222515+00:00,-119.84128,34.41374,31.07,36.81,1012.76,0,400,14:22:58,0.0142526609365942,2,-86,5,0.2040815218135724
2026-05-22T21:23:32.337619+00:00,-119.84128,34.41374,24.24,52.68,1012.93,0,768,14:23:32,0.0142526609365942,1,-54,10,0.2863698771882209
2026-05-22T21:23:39.101706+00:00,-119.84128,34.41374,31.17,36.65,1012.66,0,387,14:23:38,0.0142526609365942,2,-68,9,0.2040815218135724
2026-05-22T20:42:09.949765+00:00,-119.84128,34.41374,23.25,50.7,1011.89,0,768,13:42:09,0.0142526609365942,1,-51,9,0.35628401323279313
2026-05-22T20:42:42.95371+00:00,-119.84128,34.41374,23.94,48.72,1011.91,0,768,13:42:42,0.0142526609365942,1,-43,9,0.36081515898590005
2026-05-22T20:43:31.418506+00:00,-119.84128,34.41374,24.21,47.29,1011.52,0,768,13:43:31,0.0142526609365942,1,-42,4,0.36138845542472775
2026-05-22T20:45:42.483903+00:00,-119.84128,34.41374,25.45,44.74,1011.93,0,768,13:45:42,0.0142526609365942,1,-40,9,0.4000999534699336
2026-05-22T20:46:10.952805+00:00,-119.84128,34.41374,22.96,51.26,1011.25,0,640,13:46:10,0.0142526609365942,2,-38,10,0.34171088461422977
2026-05-22T20:46:44.9944+00:00,-119.84128,34.41374,25.75,43.72,1011.9,0,768,13:46:44,0.0142526609365942,1,-44,9,0.4092405084616448
2026-05-22T20:46:54.769825+00:00,-119.84128,34.41374,25.79,43.52,1011.93,0,768,13:46:54,0.0142526609365942,1,-42,9,0.4092405084616448
2026-05-22T20:47:04.746249+00:00,-119.84128,34.41374,25.84,43.34,1011.9,0,768,13:47:04,0.0142526609365942,1,-41,9,0.4092405084616448
2026-05-22T20:47:35.172019+00:00,-119.84128,34.41374,25.95,43.08,1011.91,0,768,13:47:35,0.0142526609365942,1,-40,10,0.4092405084616448
2026-05-22T20:49:22.783211+00:00,-119.84128,34.41374,25.17,45.58,1011.9,0,768,13:49:22,0.0142526609365942,1,-53,8,0.4050524935867931
2026-05-22T20:50:03.308086+00:00,-119.84128,34.41374,24.1,46.57,1011.8,0,768,13:50:03,0.0142526609365942,1,-39,10,0.381419312188625
2026-05-22T20:52:23.02661+00:00,-119.84128,34.41374,23.34,50.88,1011.84,0,768,13:52:22,0.0142526609365942,1,-39,1,0.35628401323279313
2026-05-22T20:53:31.448679+00:00,-119.84128,34.41374,31.82,31.64,1011.48,0,425,13:53:31,0.0142526609365942,2,-39,8,0.19214749600631817
2026-05-22T21:02:52.188252+00:00,-119.84128,34.41374,22.28,53.4,1013.19,0,768,14:02:52,0.0142526609365942,1,-56,10,0.28192506820434354
2026-05-22T20:02:07.353384+00:00,-119.84128,34.41374,23.46,50.57,1012.04,0,844,13:01:58,0.0142526609365942,1,-29,11,0.3532599784140025
2026-05-22T20:02:08.939304+00:00,-119.84128,34.41374,22.12,53.13,1011.47,0,499,13:01:59,0.0142526609365942,2,-22,9,0.18720448227717268
2026-05-22T20:02:09.983865+00:00,-119.84128,34.41374,23.47,50.39,1012.05,0,889,13:02:00,0.0142526609365942,1,-29,9,0.3532599784140025
2026-05-22T20:02:18.952301+00:00,-119.84128,34.41374,22.12,52.51,1011.42,0,525,13:02:09,0.0142526609365942,2,-22,10,0.1601926706255673
2026-05-22T20:02:19.990827+00:00,-119.84128,34.41374,23.48,49.95,1012.05,0,995,13:02:10,0.0142526609365942,1,-28,10,0.3532599784140025
2026-05-22T20:02:28.965969+00:00,-119.84128,34.41374,22.15,52.33,1011.46,0,533,13:02:19,0.0142526609365942,2,-22,10,0.16885621766884706
2026-05-22T20:02:29.97845+00:00,-119.84128,34.41374,23.5,49.87,1012.02,0,943,13:02:20,0.0142526609365942,1,-28,10,0.3532599784140025
2026-05-22T20:02:41.460232+00:00,-119.84128,34.41374,22.16,52.3,1011.43,0,556,13:02:32,0.0142526609365942,2,-22,11,0.12964549442632134
2026-05-22T20:02:45.710376+00:00,-119.84128,34.41374,23.52,50.14,1012.06,0,838,13:02:36,0.0142526609365942,1,-28,10,0.3532599784140025
2026-05-22T20:02:48.941841+00:00,-119.84128,34.41374,22.16,52.55,1011.43,0,556,13:02:39,0.0142526609365942,2,-22,9,0.12964549442632134
2026-05-22T20:02:49.979+00:00,-119.84128,34.41374,23.53,50.27,1012.07,0,816,13:02:40,0.0142526609365942,1,-28,10,0.3532599784140025
2026-05-22T20:02:54.78414+00:00,-119.84128,34.41374,22.13,53.06,1011.43,0,550,13:02:45,0.0142526609365942,2,-22,11,0.12964549442632134
2026-05-22T21:03:11.863519+00:00,-119.84128,34.41374,22.05,54.45,1013.21,0,768,14:03:11,0.0142526609365942,1,-57,11,0.28192506820434354
2026-05-22T21:03:39.851143+00:00,-119.84128,34.41374,33.8,27.14,1012.91,0,412,14:03:39,0.0142526609365942,2,-87,6,0.17824099689120732
2026-05-22T21:04:33.573162+00:00,-119.84128,34.41374,20.58,58.27,1012.09,0,768,14:04:33,0.0142526609365942,1,-55,6,0.35628401323279313
2026-05-22T21:07:02.815183+00:00,-119.84128,34.41374,21.01,58.47,1013.14,0,768,14:07:02,0.0142526609365942,1,-54,9,0.28192506820434354
2026-05-22T21:09:42.973742+00:00,-119.84128,34.41374,30.36,36.59,1012.72,0,393,14:09:42,0.0142526609365942,2,-71,8,0.21220992842390493
2026-05-22T20:03:00.008604+00:00,-119.84128,34.41374,23.53,50.35,1012.06,0,790,13:02:51,0.0142526609365942,1,-28,10,0.35628401323279313
2026-05-22T20:03:03.732217+00:00,-119.84128,34.41374,22.18,52.82,1011.43,0,574,13:02:54,0.0142526609365942,2,-22,8,0.15723634517976365
2026-05-22T20:03:13.74832+00:00,-119.84128,34.41374,22.18,52.34,1011.43,0,577,13:03:04,0.0142526609365942,2,-19,9,0.3520930259680782
2026-05-22T20:03:26.306486+00:00,-119.84128,34.41374,22.17,53.12,1011.4,0,546,13:03:17,0.0142526609365942,2,-19,10,0.12964549442632134
2026-05-22T20:03:33.743788+00:00,-119.84128,34.41374,22.23,52.41,1011.51,0,535,13:03:24,0.0142526609365942,2,-19,9,0.16426515750014914
2026-05-22T20:03:48.954839+00:00,-119.84128,34.41374,22.24,52.38,1011.41,0,541,13:03:39,0.0142526609365942,2,-20,9,0.1532167630554651
2026-05-22T20:22:12.926257+00:00,-119.84128,34.41374,22.81,51.1,1012.02,0,722,13:22:03,0.0142526609365942,1,-17,11,0.35628401323279313
2026-05-22T20:27:18.838644+00:00,-119.84128,34.41374,22.7,51.67,1011.92,0,723,13:27:09,0.0142526609365942,1,-16,10,0.35628401323279313
2026-05-22T20:27:23.737437+00:00,-119.84128,34.41374,22.39,51.75,1011.41,0,524,13:27:14,0.0142526609365942,2,-13,10,0.1601926706255673
2026-05-22T20:27:33.533966+00:00,-119.84128,34.41374,22.71,51.58,1011.91,0,721,13:27:24,0.0142526609365942,1,-16,10,0.35628401323279313
2026-05-22T20:27:36.260996+00:00,-119.84128,34.41374,22.41,51.66,1011.44,0,522,13:27:27,0.0142526609365942,2,-13,10,0.1545100337229689
2026-05-22T20:27:38.320034+00:00,-119.84128,34.41374,22.71,51.52,1011.94,0,720,13:27:29,0.0142526609365942,1,-16,10,0.35628401323279313
2026-05-22T20:27:43.740826+00:00,-119.84128,34.41374,22.41,51.62,1011.41,0,522,13:27:34,0.0142526609365942,2,-13,10,0.1545100337229689
2026-05-22T20:27:58.956754+00:00,-119.84128,34.41374,22.41,51.66,1011.35,0,519,13:27:50,0.0142526609365942,2,-13,10,0.1545100337229689
2026-05-22T20:28:03.747428+00:00,-119.84128,34.41374,22.41,51.66,1011.41,0,517,13:27:54,0.0142526609365942,2,-13,2,0.1545100337229689
2026-05-22T20:28:09.180231+00:00,-119.84128,34.41374,22.69,51.64,1011.96,0,718,13:28:00,0.0142526609365942,1,-16,10,0.35628401323279313
2026-05-22T20:28:10.388654+00:00,-119.84128,34.41374,22.58,51.62,1011.81,0,719,13:28:01,0.0142526609365942,1,-16,10,0.35628401323279313
2026-05-22T20:28:13.733265+00:00,-119.84128,34.41374,22.42,51.64,1011.4,0,518,13:28:04,0.0142526609365942,2,-13,10,0.1545100337229689
2026-05-22T20:28:18.34723+00:00,-119.84128,34.41374,22.67,51.54,1011.94,0,718,13:28:09,0.0142526609365942,1,-16,10,0.35628401323279313
2026-05-22T20:28:26.255475+00:00,-119.84128,34.41374,22.36,51.54,1011.33,0,517,13:28:17,0.0142526609365942,2,-13,10,0.1545100337229689
2026-05-22T20:28:28.318667+00:00,-119.84128,34.41374,22.67,51.55,1011.91,0,717,13:28:19,0.0142526609365942,1,-16,9,0.35628401323279313
2026-05-22T20:28:33.741256+00:00,-119.84128,34.41374,22.42,51.52,1011.42,0,517,13:28:24,0.0142526609365942,2,-13,10,0.1545100337229689
2026-05-22T20:28:38.319389+00:00,-119.84128,34.41374,22.68,51.56,1011.92,0,715,13:28:29,0.0142526609365942,1,-16,10,0.35628401323279313
2026-05-22T20:28:43.743402+00:00,-119.84128,34.41374,22.43,51.53,1011.33,0,516,13:28:34,0.0142526609365942,2,-13,9,0.1545100337229689
2026-05-22T20:29:09.389579+00:00,-119.84128,34.41374,22.43,51.6,1011.33,0,512,13:29:00,0.0142526609365942,2,-13,10,0.15183455571875776
2026-05-22T20:29:16.262416+00:00,-119.84128,34.41374,22.41,51.66,1011.3,0,512,13:29:07,0.0142526609365942,2,-13,11,0.15183455571875776
2026-05-22T20:29:20.921817+00:00,-119.84128,34.41374,22.53,51.69,1011.72,0,714,13:29:11,0.0142526609365942,1,-16,11,0.35628401323279313
2026-05-22T20:29:23.740759+00:00,-119.84128,34.41374,22.41,51.61,1011.33,0,513,13:29:14,0.0142526609365942,2,-13,10,0.15183455571875776
2026-05-22T20:29:28.318678+00:00,-119.84128,34.41374,22.65,51.7,1011.88,0,714,13:29:19,0.0142526609365942,1,-16,10,0.35628401323279313
2026-05-22T20:30:05.353682+00:00,-119.84128,34.41374,22.63,51.75,1011.92,0,709,13:29:56,0.0142526609365942,1,-16,11,0.35628401323279313
2026-05-22T20:30:12.770702+00:00,-119.84128,34.41374,22.41,51.61,1011.3,0,510,13:30:03,0.0142526609365942,2,-13,10,0.15183455571875776
2026-05-22T20:30:13.456911+00:00,-119.84128,34.41374,22.4,51.62,1011.29,0,510,13:30:04,0.0142526609365942,2,-13,10,0.15183455571875776
2026-05-22T20:30:14.141758+00:00,-119.84128,34.41374,22.4,51.62,1011.29,0,510,13:30:05,0.0142526609365942,2,-13,10,0.15183455571875776
2026-05-22T20:30:16.381633+00:00,-119.84128,34.41374,22.48,51.93,1011.74,0,709,13:30:07,0.0142526609365942,1,-17,11,0.35628401323279313
2026-05-22T20:30:17.068618+00:00,-119.84128,34.41374,22.59,51.93,1011.91,0,709,13:30:08,0.0142526609365942,1,-17,11,0.35628401323279313
2026-05-22T20:30:18.350328+00:00,-119.84128,34.41374,22.61,51.9,1011.98,0,709,13:30:09,0.0142526609365942,1,-17,9,0.35628401323279313
2026-05-22T20:30:23.738281+00:00,-119.84128,34.41374,22.41,51.65,1011.3,0,510,13:30:14,0.0142526609365942,2,-13,10,0.15183455571875776
2026-05-22T20:30:38.577308+00:00,-119.84128,34.41374,22.61,51.77,1011.92,0,709,13:30:38,0.0142526609365942,1,-48,10,0.35628401323279313
2026-05-22T20:30:38.950164+00:00,-119.84128,34.41374,22.42,51.53,1011.29,0,511,13:30:30,0.0142526609365942,2,-13,10,0.15183455571875776
2026-05-22T20:30:48.976722+00:00,-119.84128,34.41374,22.41,51.47,1011.28,0,511,13:30:40,0.0142526609365942,2,-13,10,0.15183455571875776
2026-05-22T20:30:56.296966+00:00,-119.84128,34.41374,22.43,51.49,1011.27,0,509,13:30:56,0.0142526609365942,2,-42,10,0.15183455571875776
2026-05-22T20:31:00.792518+00:00,-119.84128,34.41374,22.57,52.12,1011.85,0,708,13:31:00,0.0142526609365942,1,-49,11,0.35628401323279313
2026-05-22T20:31:01.59683+00:00,-119.84128,34.41374,22.57,52.12,1011.83,0,708,13:31:01,0.0142526609365942,1,-47,10,0.35628401323279313
2026-05-22T20:31:03.763996+00:00,-119.84128,34.41374,22.43,51.71,1011.34,0,510,13:31:03,0.0142526609365942,2,-39,10,0.15183455571875776
2026-05-22T20:31:08.339884+00:00,-119.84128,34.41374,22.58,52.03,1011.89,0,708,13:31:08,0.0142526609365942,1,-39,10,0.35628401323279313
2026-05-22T20:31:13.849336+00:00,-119.84128,34.41374,22.43,51.54,1011.33,0,511,13:31:13,0.0142526609365942,2,-41,9,0.15183455571875776
2026-05-22T20:31:23.540324+00:00,-119.84128,34.41374,22.59,52.01,1011.91,0,709,13:31:23,0.0142526609365942,1,-37,-2,0.35628401323279313
2026-05-22T20:31:34.552637+00:00,-119.84128,34.41374,22.46,51.85,1011.71,0,709,13:31:34,0.0142526609365942,1,-45,11,0.35628401323279313
2026-05-22T20:31:42.161251+00:00,-119.84128,34.41374,22.43,51.48,1011.34,0,511,13:31:42,0.0142526609365942,2,-47,10,0.15183455571875776
2026-05-22T20:31:57.491255+00:00,-119.84128,34.41374,22.38,51.5,1011.27,0,511,13:31:57,0.0142526609365942,2,-43,10,0.15183455571875776
2026-05-22T20:32:03.765463+00:00,-119.84128,34.41374,22.4,51.52,1011.34,0,510,13:32:03,0.0142526609365942,2,-44,9,0.15183455571875776
2026-05-22T20:32:08.332299+00:00,-119.84128,34.41374,22.55,51.91,1011.88,0,708,13:32:08,0.0142526609365942,1,-47,9,0.35628401323279313
2026-05-22T20:32:54.864821+00:00,-119.84128,34.41374,22.37,51.62,1011.29,0,509,13:32:54,0.0142526609365942,2,-40,9,0.15183455571875776
2026-05-22T20:42:25.122236+00:00,-119.84128,34.41374,23.0,51.36,1011.2,0,658,13:42:25,0.0142526609365942,2,-45,8,0.316700617271196
2026-05-22T20:42:37.56946+00:00,-119.84128,34.41374,23.76,49.3,1011.87,0,768,13:42:37,0.0142526609365942,1,-43,9,0.3564937860546517
2026-05-22T20:43:39.950251+00:00,-119.84128,34.41374,24.54,47.12,1011.93,0,768,13:43:39,0.0142526609365942,1,-42,9,0.3796653819074979
2026-05-22T20:44:52.47543+00:00,-119.84128,34.41374,25.11,45.55,1011.93,0,768,13:44:52,0.0142526609365942,1,-41,9,0.40086061149990476
2026-05-22T20:45:04.740464+00:00,-119.84128,34.41374,25.22,45.28,1011.89,0,768,13:45:04,0.0142526609365942,1,-45,8,0.4000999534699336
2026-05-22T20:45:13.765346+00:00,-119.84128,34.41374,22.98,51.26,1011.24,0,647,13:45:13,0.0142526609365942,2,-42,10,0.3418984521410405
2026-05-22T20:45:33.76683+00:00,-119.84128,34.41374,22.99,51.24,1011.31,0,645,13:45:33,0.0142526609365942,2,-44,10,0.3418984521410405
2026-05-22T20:46:14.753674+00:00,-119.84128,34.41374,25.61,44.05,1011.91,0,768,13:46:14,0.0142526609365942,1,-40,5,0.4108288516408006
2026-05-22T20:47:30.444239+00:00,-119.84128,34.41374,22.89,51.31,1011.24,0,636,13:47:30,0.0142526609365942,2,-46,10,0.31548389373572067
2026-05-22T20:51:03.751991+00:00,-119.84128,34.41374,27.71,39.42,1011.26,0,482,13:51:03,0.0142526609365942,2,-41,9,0.22253894770717117
2026-05-22T20:52:29.160964+00:00,-119.84128,34.41374,23.35,50.98,1011.86,0,768,13:52:28,0.0142526609365942,1,-48,10,0.35628401323279313
2026-05-22T20:53:36.631268+00:00,-119.84128,34.41374,23.49,49.55,1011.89,0,768,13:53:36,0.0142526609365942,1,-44,9,0.35628401323279313
2026-05-22T21:02:56.473568+00:00,-119.84128,34.41374,34.59,24.96,1012.8,0,405,14:02:56,0.0142526609365942,2,-47,10,0.19204559997503823
2026-05-22T21:03:12.598779+00:00,-119.84128,34.41374,22.05,54.45,1013.21,0,768,14:03:12,0.0142526609365942,1,-56,11,0.28192506820434354
2026-05-22T21:04:34.404722+00:00,-119.84128,34.41374,21.3,58.09,1013.2,0,768,14:04:34,0.0142526609365942,1,-65,10,0.28192506820434354
2026-05-22T21:04:48.34414+00:00,-119.84128,34.41374,21.24,58.01,1013.16,0,768,14:04:48,0.0142526609365942,1,-61,10,0.28192506820434354
2026-05-22T21:05:13.244645+00:00,-119.84128,34.41374,21.18,58.17,1013.25,0,768,14:05:13,0.0142526609365942,1,-65,10,0.28192506820434354
2026-05-22T21:06:12.922902+00:00,-119.84128,34.41374,21.12,58.53,1013.18,0,768,14:06:12,0.0142526609365942,1,-61,10,0.28192506820434354
2026-05-22T21:08:38.178165+00:00,-119.84128,34.41374,29.66,33.88,1012.69,0,426,14:08:38,0.0142526609365942,2,-28,9,0.20506602533764898
2026-05-22T21:08:48.489969+00:00,-119.84128,34.41374,21.33,57.99,1013.14,0,768,14:08:48,0.0142526609365942,1,-53,9,0.28192506820434354
2026-05-22T21:09:38.642207+00:00,-119.84128,34.41374,30.06,34.71,1012.72,0,393,14:09:38,0.0142526609365942,2,-78,8,0.2002759026166507
2026-05-22T21:13:36.927138+00:00,-119.84128,34.41374,22.1,55.21,1013.0,0,768,14:13:36,0.0142526609365942,1,-47,10,0.27655567571015627
2026-05-22T21:14:00.564345+00:00,-119.84128,34.41374,21.6,54.76,1012.22,0,768,14:14:00,0.0142526609365942,1,-52,10,0.35628401323279313
2026-05-22T21:14:22.863364+00:00,-119.84128,34.41374,22.07,54.8,1013.06,0,768,14:14:22,0.0142526609365942,1,-45,9,0.27100342048047016
2026-05-22T21:15:28.189993+00:00,-119.84128,34.41374,33.5,33.86,1012.79,0,388,14:15:28,0.0142526609365942,2,-71,9,0.19204559997503823
2026-05-22T21:15:40.55489+00:00,-119.84128,34.41374,21.87,55.04,1013.09,0,768,14:15:40,0.0142526609365942,1,-53,10,0.2819292904403797
2026-05-22T21:15:48.245868+00:00,-119.84128,34.41374,33.28,33.08,1012.79,0,392,14:15:48,0.0142526609365942,2,-68,9,0.19204559997503823
2026-05-22T21:16:28.611232+00:00,-119.84128,34.41374,33.05,32.6,1012.75,0,393,14:16:28,0.0142526609365942,2,-69,9,0.19204559997503823
2026-05-22T21:16:52.854424+00:00,-119.84128,34.41374,21.96,55.54,1013.04,0,768,14:16:52,0.0142526609365942,1,-48,9,0.2777005671575662
2026-05-22T21:17:02.840235+00:00,-119.84128,34.41374,21.98,56.48,1013.07,0,768,14:17:02,0.0142526609365942,1,-44,9,0.2819292904403797
2026-05-22T21:17:58.030013+00:00,-119.84128,34.41374,22.09,55.23,1013.08,0,768,14:17:57,0.0142526609365942,1,-49,9,0.2819292904403797
2026-05-22T21:18:10.596891+00:00,-119.84128,34.41374,21.67,55.91,1012.35,0,768,14:18:10,0.0142526609365942,1,-52,10,0.35628401323279313
2026-05-22T21:18:38.101468+00:00,-119.84128,34.41374,22.11,56.47,1013.03,0,768,14:18:37,0.0142526609365942,1,-47,9,0.2789714276854993
2026-05-22T21:18:48.673163+00:00,-119.84128,34.41374,33.03,34.79,1012.78,0,393,14:18:48,0.0142526609365942,2,-67,10,0.19204559997503823
2026-05-22T20:31:43.59907+00:00,-119.84128,34.41374,22.59,51.89,1011.85,0,709,13:31:43,0.0142526609365942,1,-54,9,0.35628401323279313
2026-05-22T20:31:56.778481+00:00,-119.84128,34.41374,22.41,51.49,1011.3,0,511,13:31:56,0.0142526609365942,2,-43,10,0.15183455571875776
2026-05-22T20:31:58.742525+00:00,-119.84128,34.41374,22.59,51.88,1011.88,0,709,13:31:58,0.0142526609365942,1,-50,9,0.35628401323279313
2026-05-22T20:31:59.435107+00:00,-119.84128,34.41374,22.55,51.9,1011.92,0,709,13:31:59,0.0142526609365942,1,-51,10,0.35628401323279313
2026-05-22T20:32:14.79012+00:00,-119.84128,34.41374,22.35,51.58,1011.26,0,509,13:32:14,0.0142526609365942,2,-43,10,0.15183455571875776
2026-05-22T20:32:28.970115+00:00,-119.84128,34.41374,22.39,51.6,1011.26,0,509,13:32:28,0.0142526609365942,2,-40,9,0.15183455571875776
2026-05-22T20:32:34.680482+00:00,-119.84128,34.41374,22.55,51.98,1011.87,0,706,13:32:34,0.0142526609365942,1,-50,11,0.35628401323279313
2026-05-22T20:32:54.161648+00:00,-119.84128,34.41374,22.35,51.58,1011.25,0,509,13:32:54,0.0142526609365942,2,-40,9,0.15183455571875776
2026-05-22T20:32:59.204787+00:00,-119.84128,34.41374,22.58,51.94,1011.89,0,707,13:32:59,0.0142526609365942,1,-45,10,0.35628401323279313
2026-05-22T20:32:59.961965+00:00,-119.84128,34.41374,22.45,51.95,1011.66,0,707,13:32:59,0.0142526609365942,1,-45,10,0.35628401323279313
2026-05-22T20:33:03.752735+00:00,-119.84128,34.41374,22.36,51.64,1011.32,0,509,13:33:03,0.0142526609365942,2,-41,10,0.15183455571875776
2026-05-22T20:33:37.147127+00:00,-119.84128,34.41374,22.35,51.76,1011.23,0,521,13:33:37,0.0142526609365942,2,-45,10,0.1545100337229689
2026-05-22T20:33:42.898378+00:00,-119.84128,34.41374,22.46,52.04,1011.6,0,721,13:33:42,0.0142526609365942,1,-47,10,0.35628401323279313
2026-05-22T20:33:48.82387+00:00,-119.84128,34.41374,22.59,51.94,1011.89,0,723,13:33:48,0.0142526609365942,1,-48,10,0.35628401323279313
2026-05-22T20:33:49.520264+00:00,-119.84128,34.41374,22.61,51.94,1011.88,0,723,13:33:49,0.0142526609365942,1,-52,11,0.35628401323279313
2026-05-22T20:33:53.404251+00:00,-119.84128,34.41374,22.31,51.72,1011.27,0,517,13:33:53,0.0142526609365942,2,-45,11,0.1545100337229689
2026-05-22T20:33:59.276025+00:00,-119.84128,34.41374,22.31,51.7,1011.24,0,516,13:33:59,0.0142526609365942,2,-43,10,0.1545100337229689
2026-05-22T20:34:00.622645+00:00,-119.84128,34.41374,22.48,51.99,1011.69,0,723,13:34:00,0.0142526609365942,1,-56,9,0.35628401323279313
2026-05-22T20:34:32.031712+00:00,-119.84128,34.41374,22.28,51.81,1011.2,0,508,13:34:31,0.0142526609365942,2,-39,11,0.15183455571875776
2026-05-22T20:34:33.744229+00:00,-119.84128,34.41374,22.34,51.79,1011.32,0,508,13:34:33,0.0142526609365942,2,-44,10,0.15183455571875776
2026-05-22T20:34:36.581379+00:00,-119.84128,34.41374,22.53,54.45,1011.64,0,841,13:34:36,0.0142526609365942,1,-49,9,0.3532599784140025
2026-05-22T20:34:37.33611+00:00,-119.84128,34.41374,22.63,52.13,1011.9,0,963,13:34:37,0.0142526609365942,1,-49,11,0.3532599784140025
2026-05-22T20:34:43.133683+00:00,-119.84128,34.41374,22.64,52.41,1011.89,0,924,13:34:43,0.0142526609365942,1,-50,11,0.3532599784140025
2026-05-22T20:34:48.965578+00:00,-119.84128,34.41374,22.33,51.71,1011.34,0,508,13:34:48,0.0142526609365942,2,-41,10,0.15183455571875776
2026-05-22T20:42:36.281625+00:00,-119.84128,34.41374,23.0,51.36,1011.23,0,657,13:42:36,0.0142526609365942,2,-41,10,0.316700617271196
2026-05-22T20:43:43.744264+00:00,-119.84128,34.41374,23.0,51.29,1011.34,0,649,13:43:43,0.0142526609365942,2,-41,10,0.3249561781902546
2026-05-22T20:44:53.759315+00:00,-119.84128,34.41374,22.99,51.29,1011.37,0,647,13:44:53,0.0142526609365942,2,-41,9,0.3418984521410405
2026-05-22T20:45:48.96613+00:00,-119.84128,34.41374,22.99,51.23,1011.29,0,643,13:45:48,0.0142526609365942,2,-41,9,0.3418984521410405
2026-05-22T20:46:04.88979+00:00,-119.84128,34.41374,22.96,51.25,1011.27,0,641,13:46:01,0.0142526609365942,2,-45,10,0.34171088461422977
2026-05-22T20:52:30.101959+00:00,-119.84128,34.41374,23.32,49.92,1011.78,0,768,13:52:29,0.0142526609365942,1,-37,10,0.35628401323279313
2026-05-22T20:53:37.938944+00:00,-119.84128,34.41374,23.47,49.28,1011.88,0,768,13:53:37,0.0142526609365942,1,-49,10,0.35628401323279313
2026-05-22T21:02:57.279361+00:00,-119.84128,34.41374,34.62,25.05,1012.76,0,407,14:02:57,0.0142526609365942,2,-45,10,0.19204559997503823
2026-05-22T21:03:13.312675+00:00,-119.84128,34.41374,21.31,54.23,1012.02,0,768,14:03:13,0.0142526609365942,1,-57,10,0.35628401323279313
2026-05-22T21:03:59.715563+00:00,-119.84128,34.41374,20.7,57.58,1011.99,0,768,14:03:59,0.0142526609365942,1,-48,10,0.35628401323279313
2026-05-22T21:04:35.221974+00:00,-119.84128,34.41374,21.3,58.09,1013.2,0,768,14:04:35,0.0142526609365942,1,-63,9,0.28192506820434354
2026-05-22T21:04:49.136764+00:00,-119.84128,34.41374,20.54,58.51,1012.0,0,768,14:04:48,0.0142526609365942,1,-62,11,0.35628401323279313
2026-05-22T21:07:15.347786+00:00,-119.84128,34.41374,21.02,59.46,1013.18,0,768,14:07:15,0.0142526609365942,1,-49,10,0.28192506820434354
2026-05-22T21:23:39.879513+00:00,-119.84128,34.41374,31.13,37.19,1012.78,0,387,14:23:39,0.0142526609365942,2,-67,10,0.2040815218135724
2026-05-22T21:23:48.199868+00:00,-119.84128,34.41374,31.15,36.96,1012.73,0,387,14:23:48,0.0142526609365942,2,-75,9,0.2040815218135724
2026-05-22T21:23:58.20722+00:00,-119.84128,34.41374,31.15,37.24,1012.7,0,388,14:23:58,0.0142526609365942,2,-88,5,0.2040815218135724
2026-05-22T21:23:42.843867+00:00,-119.84128,34.41374,24.46,51.21,1013.04,0,768,14:23:42,0.0142526609365942,1,-63,9,0.2880050975106022
2026-05-22T21:24:12.852005+00:00,-119.84128,34.41374,24.8,51.85,1012.99,0,768,14:24:12,0.0142526609365942,1,-68,10,0.27932570527660866
2026-05-22T21:24:00.555222+00:00,-119.84128,34.41374,24.49,50.14,1013.12,0,768,14:24:00,0.0142526609365942,1,-65,10,0.292273510286421
2026-05-22T21:24:02.83638+00:00,-119.84128,34.41374,24.64,52.38,1013.06,0,768,14:24:02,0.0142526609365942,1,-60,8,0.2766619556058989
2026-05-22T21:24:22.851589+00:00,-119.84128,34.41374,24.98,51.1,1013.08,0,768,14:24:22,0.0142526609365942,1,-56,9,0.2860063712255112
2026-05-22T21:44:47.571878+00:00,-119.84128,34.41374,23.53,53.33,1012.18,0,768,14:44:47,0.785208285673894,1,-65,10,0.35628401323279313
